DateKey,Date,FiscalYear,FiscalQuarter,Month,FullDate,MonthKey
20170701,01/07/2017,FY2018,FY2018 Q1,2017 Jul,"2017 Jul, 01",201707
20170702,02/07/2017,FY2018,FY2018 Q1,2017 Jul,"2017 Jul, 02",201707
20170703,03/07/2017,FY2018,FY2018 Q1,2017 Jul,"2017 Jul, 03",201707
20170704,04/07/2017,FY2018,FY2018 Q1,2017 Jul,"2017 Jul, 04",201707
20170705,05/07/2017,FY2018,FY2018 Q1,2017 Jul,"2017 Jul, 05",201707
20170706,06/07/2017,FY2018,FY2018 Q1,2017 Jul,"2017 Jul, 06",201707
20170707,07/07/2017,FY2018,FY2018 Q1,2017 Jul,"2017 Jul, 07",201707
20170708,08/07/2017,FY2018,FY2018 Q1,2017 Jul,"2017 Jul, 08",201707
20170709,09/07/2017,FY2018,FY2018 Q1,2017 Jul,"2017 Jul, 09",201707
20170710,10/07/2017,FY2018,FY2018 Q1,2017 Jul,"2017 Jul, 10",201707
20170711,11/07/2017,FY2018,FY2018 Q1,2017 Jul,"2017 Jul, 11",201707
20170712,12/07/2017,FY2018,FY2018 Q1,2017 Jul,"2017 Jul, 12",201707
20170713,13/07/2017,FY2018,FY2018 Q1,2017 Jul,"2017 Jul, 13",201707
20170714,14/07/2017,FY2018,FY2018 Q1,2017 Jul,"2017 Jul, 14",201707
20170715,15/07/2017,FY2018,FY2018 Q1,2017 Jul,"2017 Jul, 15",201707
20170716,16/07/2017,FY2018,FY2018 Q1,2017 Jul,"2017 Jul, 16",201707
20170717,17/07/2017,FY2018,FY2018 Q1,2017 Jul,"2017 Jul, 17",201707
20170718,18/07/2017,FY2018,FY2018 Q1,2017 Jul,"2017 Jul, 18",201707
20170719,19/07/2017,FY2018,FY2018 Q1,2017 Jul,"2017 Jul, 19",201707
20170720,20/07/2017,FY2018,FY2018 Q1,2017 Jul,"2017 Jul, 20",201707
20170721,21/07/2017,FY2018,FY2018 Q1,2017 Jul,"2017 Jul, 21",201707
20170722,22/07/2017,FY2018,FY2018 Q1,2017 Jul,"2017 Jul, 22",201707
20170723,23/07/2017,FY2018,FY2018 Q1,2017 Jul,"2017 Jul, 23",201707
20170724,24/07/2017,FY2018,FY2018 Q1,2017 Jul,"2017 Jul, 24",201707
20170725,25/07/2017,FY2018,FY2018 Q1,2017 Jul,"2017 Jul, 25",201707
20170726,26/07/2017,FY2018,FY2018 Q1,2017 Jul,"2017 Jul, 26",201707
20170727,27/07/2017,FY2018,FY2018 Q1,2017 Jul,"2017 Jul, 27",201707
20170728,28/07/2017,FY2018,FY2018 Q1,2017 Jul,"2017 Jul, 28",201707
20170729,29/07/2017,FY2018,FY2018 Q1,2017 Jul,"2017 Jul, 29",201707
20170730,30/07/2017,FY2018,FY2018 Q1,2017 Jul,"2017 Jul, 30",201707
20170731,31/07/2017,FY2018,FY2018 Q1,2017 Jul,"2017 Jul, 31",201707
20170801,01/08/2017,FY2018,FY2018 Q1,2017 Aug,"2017 Aug, 01",201708
20170802,02/08/2017,FY2018,FY2018 Q1,2017 Aug,"2017 Aug, 02",201708
20170803,03/08/2017,FY2018,FY2018 Q1,2017 Aug,"2017 Aug, 03",201708
20170804,04/08/2017,FY2018,FY2018 Q1,2017 Aug,"2017 Aug, 04",201708
20170805,05/08/2017,FY2018,FY2018 Q1,2017 Aug,"2017 Aug, 05",201708
20170806,06/08/2017,FY2018,FY2018 Q1,2017 Aug,"2017 Aug, 06",201708
20170807,07/08/2017,FY2018,FY2018 Q1,2017 Aug,"2017 Aug, 07",201708
20170808,08/08/2017,FY2018,FY2018 Q1,2017 Aug,"2017 Aug, 08",201708
20170809,09/08/2017,FY2018,FY2018 Q1,2017 Aug,"2017 Aug, 09",201708
20170810,10/08/2017,FY2018,FY2018 Q1,2017 Aug,"2017 Aug, 10",201708
20170811,11/08/2017,FY2018,FY2018 Q1,2017 Aug,"2017 Aug, 11",201708
20170812,12/08/2017,FY2018,FY2018 Q1,2017 Aug,"2017 Aug, 12",201708
20170813,13/08/2017,FY2018,FY2018 Q1,2017 Aug,"2017 Aug, 13",201708
20170814,14/08/2017,FY2018,FY2018 Q1,2017 Aug,"2017 Aug, 14",201708
20170815,15/08/2017,FY2018,FY2018 Q1,2017 Aug,"2017 Aug, 15",201708
20170816,16/08/2017,FY2018,FY2018 Q1,2017 Aug,"2017 Aug, 16",201708
20170817,17/08/2017,FY2018,FY2018 Q1,2017 Aug,"2017 Aug, 17",201708
20170818,18/08/2017,FY2018,FY2018 Q1,2017 Aug,"2017 Aug, 18",201708
20170819,19/08/2017,FY2018,FY2018 Q1,2017 Aug,"2017 Aug, 19",201708
20170820,20/08/2017,FY2018,FY2018 Q1,2017 Aug,"2017 Aug, 20",201708
20170821,21/08/2017,FY2018,FY2018 Q1,2017 Aug,"2017 Aug, 21",201708
20170822,22/08/2017,FY2018,FY2018 Q1,2017 Aug,"2017 Aug, 22",201708
20170823,23/08/2017,FY2018,FY2018 Q1,2017 Aug,"2017 Aug, 23",201708
20170824,24/08/2017,FY2018,FY2018 Q1,2017 Aug,"2017 Aug, 24",201708
20170825,25/08/2017,FY2018,FY2018 Q1,2017 Aug,"2017 Aug, 25",201708
20170826,26/08/2017,FY2018,FY2018 Q1,2017 Aug,"2017 Aug, 26",201708
20170827,27/08/2017,FY2018,FY2018 Q1,2017 Aug,"2017 Aug, 27",201708
20170828,28/08/2017,FY2018,FY2018 Q1,2017 Aug,"2017 Aug, 28",201708
20170829,29/08/2017,FY2018,FY2018 Q1,2017 Aug,"2017 Aug, 29",201708
20170830,30/08/2017,FY2018,FY2018 Q1,2017 Aug,"2017 Aug, 30",201708
20170831,31/08/2017,FY2018,FY2018 Q1,2017 Aug,"2017 Aug, 31",201708
20170901,01/09/2017,FY2018,FY2018 Q1,2017 Sep,"2017 Sep, 01",201709
20170902,02/09/2017,FY2018,FY2018 Q1,2017 Sep,"2017 Sep, 02",201709
20170903,03/09/2017,FY2018,FY2018 Q1,2017 Sep,"2017 Sep, 03",201709
20170904,04/09/2017,FY2018,FY2018 Q1,2017 Sep,"2017 Sep, 04",201709
20170905,05/09/2017,FY2018,FY2018 Q1,2017 Sep,"2017 Sep, 05",201709
20170906,06/09/2017,FY2018,FY2018 Q1,2017 Sep,"2017 Sep, 06",201709
20170907,07/09/2017,FY2018,FY2018 Q1,2017 Sep,"2017 Sep, 07",201709
20170908,08/09/2017,FY2018,FY2018 Q1,2017 Sep,"2017 Sep, 08",201709
20170909,09/09/2017,FY2018,FY2018 Q1,2017 Sep,"2017 Sep, 09",201709
20170910,10/09/2017,FY2018,FY2018 Q1,2017 Sep,"2017 Sep, 10",201709
20170911,11/09/2017,FY2018,FY2018 Q1,2017 Sep,"2017 Sep, 11",201709
20170912,12/09/2017,FY2018,FY2018 Q1,2017 Sep,"2017 Sep, 12",201709
20170913,13/09/2017,FY2018,FY2018 Q1,2017 Sep,"2017 Sep, 13",201709
20170914,14/09/2017,FY2018,FY2018 Q1,2017 Sep,"2017 Sep, 14",201709
20170915,15/09/2017,FY2018,FY2018 Q1,2017 Sep,"2017 Sep, 15",201709
20170916,16/09/2017,FY2018,FY2018 Q1,2017 Sep,"2017 Sep, 16",201709
20170917,17/09/2017,FY2018,FY2018 Q1,2017 Sep,"2017 Sep, 17",201709
20170918,18/09/2017,FY2018,FY2018 Q1,2017 Sep,"2017 Sep, 18",201709
20170919,19/09/2017,FY2018,FY2018 Q1,2017 Sep,"2017 Sep, 19",201709
20170920,20/09/2017,FY2018,FY2018 Q1,2017 Sep,"2017 Sep, 20",201709
20170921,21/09/2017,FY2018,FY2018 Q1,2017 Sep,"2017 Sep, 21",201709
20170922,22/09/2017,FY2018,FY2018 Q1,2017 Sep,"2017 Sep, 22",201709
20170923,23/09/2017,FY2018,FY2018 Q1,2017 Sep,"2017 Sep, 23",201709
20170924,24/09/2017,FY2018,FY2018 Q1,2017 Sep,"2017 Sep, 24",201709
20170925,25/09/2017,FY2018,FY2018 Q1,2017 Sep,"2017 Sep, 25",201709
20170926,26/09/2017,FY2018,FY2018 Q1,2017 Sep,"2017 Sep, 26",201709
20170927,27/09/2017,FY2018,FY2018 Q1,2017 Sep,"2017 Sep, 27",201709
20170928,28/09/2017,FY2018,FY2018 Q1,2017 Sep,"2017 Sep, 28",201709
20170929,29/09/2017,FY2018,FY2018 Q1,2017 Sep,"2017 Sep, 29",201709
20170930,30/09/2017,FY2018,FY2018 Q1,2017 Sep,"2017 Sep, 30",201709
20171001,01/10/2017,FY2018,FY2018 Q2,2017 Oct,"2017 Oct, 01",201710
20171002,02/10/2017,FY2018,FY2018 Q2,2017 Oct,"2017 Oct, 02",201710
20171003,03/10/2017,FY2018,FY2018 Q2,2017 Oct,"2017 Oct, 03",201710
20171004,04/10/2017,FY2018,FY2018 Q2,2017 Oct,"2017 Oct, 04",201710
20171005,05/10/2017,FY2018,FY2018 Q2,2017 Oct,"2017 Oct, 05",201710
20171006,06/10/2017,FY2018,FY2018 Q2,2017 Oct,"2017 Oct, 06",201710
20171007,07/10/2017,FY2018,FY2018 Q2,2017 Oct,"2017 Oct, 07",201710
20171008,08/10/2017,FY2018,FY2018 Q2,2017 Oct,"2017 Oct, 08",201710
20171009,09/10/2017,FY2018,FY2018 Q2,2017 Oct,"2017 Oct, 09",201710
20171010,10/10/2017,FY2018,FY2018 Q2,2017 Oct,"2017 Oct, 10",201710
20171011,11/10/2017,FY2018,FY2018 Q2,2017 Oct,"2017 Oct, 11",201710
20171012,12/10/2017,FY2018,FY2018 Q2,2017 Oct,"2017 Oct, 12",201710
20171013,13/10/2017,FY2018,FY2018 Q2,2017 Oct,"2017 Oct, 13",201710
20171014,14/10/2017,FY2018,FY2018 Q2,2017 Oct,"2017 Oct, 14",201710
20171015,15/10/2017,FY2018,FY2018 Q2,2017 Oct,"2017 Oct, 15",201710
20171016,16/10/2017,FY2018,FY2018 Q2,2017 Oct,"2017 Oct, 16",201710
20171017,17/10/2017,FY2018,FY2018 Q2,2017 Oct,"2017 Oct, 17",201710
20171018,18/10/2017,FY2018,FY2018 Q2,2017 Oct,"2017 Oct, 18",201710
20171019,19/10/2017,FY2018,FY2018 Q2,2017 Oct,"2017 Oct, 19",201710
20171020,20/10/2017,FY2018,FY2018 Q2,2017 Oct,"2017 Oct, 20",201710
20171021,21/10/2017,FY2018,FY2018 Q2,2017 Oct,"2017 Oct, 21",201710
20171022,22/10/2017,FY2018,FY2018 Q2,2017 Oct,"2017 Oct, 22",201710
20171023,23/10/2017,FY2018,FY2018 Q2,2017 Oct,"2017 Oct, 23",201710
20171024,24/10/2017,FY2018,FY2018 Q2,2017 Oct,"2017 Oct, 24",201710
20171025,25/10/2017,FY2018,FY2018 Q2,2017 Oct,"2017 Oct, 25",201710
20171026,26/10/2017,FY2018,FY2018 Q2,2017 Oct,"2017 Oct, 26",201710
20171027,27/10/2017,FY2018,FY2018 Q2,2017 Oct,"2017 Oct, 27",201710
20171028,28/10/2017,FY2018,FY2018 Q2,2017 Oct,"2017 Oct, 28",201710
20171029,29/10/2017,FY2018,FY2018 Q2,2017 Oct,"2017 Oct, 29",201710
20171030,30/10/2017,FY2018,FY2018 Q2,2017 Oct,"2017 Oct, 30",201710
20171031,31/10/2017,FY2018,FY2018 Q2,2017 Oct,"2017 Oct, 31",201710
20171101,01/11/2017,FY2018,FY2018 Q2,2017 Nov,"2017 Nov, 01",201711
20171102,02/11/2017,FY2018,FY2018 Q2,2017 Nov,"2017 Nov, 02",201711
20171103,03/11/2017,FY2018,FY2018 Q2,2017 Nov,"2017 Nov, 03",201711
20171104,04/11/2017,FY2018,FY2018 Q2,2017 Nov,"2017 Nov, 04",201711
20171105,05/11/2017,FY2018,FY2018 Q2,2017 Nov,"2017 Nov, 05",201711
20171106,06/11/2017,FY2018,FY2018 Q2,2017 Nov,"2017 Nov, 06",201711
20171107,07/11/2017,FY2018,FY2018 Q2,2017 Nov,"2017 Nov, 07",201711
20171108,08/11/2017,FY2018,FY2018 Q2,2017 Nov,"2017 Nov, 08",201711
20171109,09/11/2017,FY2018,FY2018 Q2,2017 Nov,"2017 Nov, 09",201711
20171110,10/11/2017,FY2018,FY2018 Q2,2017 Nov,"2017 Nov, 10",201711
20171111,11/11/2017,FY2018,FY2018 Q2,2017 Nov,"2017 Nov, 11",201711
20171112,12/11/2017,FY2018,FY2018 Q2,2017 Nov,"2017 Nov, 12",201711
20171113,13/11/2017,FY2018,FY2018 Q2,2017 Nov,"2017 Nov, 13",201711
20171114,14/11/2017,FY2018,FY2018 Q2,2017 Nov,"2017 Nov, 14",201711
20171115,15/11/2017,FY2018,FY2018 Q2,2017 Nov,"2017 Nov, 15",201711
20171116,16/11/2017,FY2018,FY2018 Q2,2017 Nov,"2017 Nov, 16",201711
20171117,17/11/2017,FY2018,FY2018 Q2,2017 Nov,"2017 Nov, 17",201711
20171118,18/11/2017,FY2018,FY2018 Q2,2017 Nov,"2017 Nov, 18",201711
20171119,19/11/2017,FY2018,FY2018 Q2,2017 Nov,"2017 Nov, 19",201711
20171120,20/11/2017,FY2018,FY2018 Q2,2017 Nov,"2017 Nov, 20",201711
20171121,21/11/2017,FY2018,FY2018 Q2,2017 Nov,"2017 Nov, 21",201711
20171122,22/11/2017,FY2018,FY2018 Q2,2017 Nov,"2017 Nov, 22",201711
20171123,23/11/2017,FY2018,FY2018 Q2,2017 Nov,"2017 Nov, 23",201711
20171124,24/11/2017,FY2018,FY2018 Q2,2017 Nov,"2017 Nov, 24",201711
20171125,25/11/2017,FY2018,FY2018 Q2,2017 Nov,"2017 Nov, 25",201711
20171126,26/11/2017,FY2018,FY2018 Q2,2017 Nov,"2017 Nov, 26",201711
20171127,27/11/2017,FY2018,FY2018 Q2,2017 Nov,"2017 Nov, 27",201711
20171128,28/11/2017,FY2018,FY2018 Q2,2017 Nov,"2017 Nov, 28",201711
20171129,29/11/2017,FY2018,FY2018 Q2,2017 Nov,"2017 Nov, 29",201711
20171130,30/11/2017,FY2018,FY2018 Q2,2017 Nov,"2017 Nov, 30",201711
20171201,01/12/2017,FY2018,FY2018 Q2,2017 Dec,"2017 Dec, 01",201712
20171202,02/12/2017,FY2018,FY2018 Q2,2017 Dec,"2017 Dec, 02",201712
20171203,03/12/2017,FY2018,FY2018 Q2,2017 Dec,"2017 Dec, 03",201712
20171204,04/12/2017,FY2018,FY2018 Q2,2017 Dec,"2017 Dec, 04",201712
20171205,05/12/2017,FY2018,FY2018 Q2,2017 Dec,"2017 Dec, 05",201712
20171206,06/12/2017,FY2018,FY2018 Q2,2017 Dec,"2017 Dec, 06",201712
20171207,07/12/2017,FY2018,FY2018 Q2,2017 Dec,"2017 Dec, 07",201712
20171208,08/12/2017,FY2018,FY2018 Q2,2017 Dec,"2017 Dec, 08",201712
20171209,09/12/2017,FY2018,FY2018 Q2,2017 Dec,"2017 Dec, 09",201712
20171210,10/12/2017,FY2018,FY2018 Q2,2017 Dec,"2017 Dec, 10",201712
20171211,11/12/2017,FY2018,FY2018 Q2,2017 Dec,"2017 Dec, 11",201712
20171212,12/12/2017,FY2018,FY2018 Q2,2017 Dec,"2017 Dec, 12",201712
20171213,13/12/2017,FY2018,FY2018 Q2,2017 Dec,"2017 Dec, 13",201712
20171214,14/12/2017,FY2018,FY2018 Q2,2017 Dec,"2017 Dec, 14",201712
20171215,15/12/2017,FY2018,FY2018 Q2,2017 Dec,"2017 Dec, 15",201712
20171216,16/12/2017,FY2018,FY2018 Q2,2017 Dec,"2017 Dec, 16",201712
20171217,17/12/2017,FY2018,FY2018 Q2,2017 Dec,"2017 Dec, 17",201712
20171218,18/12/2017,FY2018,FY2018 Q2,2017 Dec,"2017 Dec, 18",201712
20171219,19/12/2017,FY2018,FY2018 Q2,2017 Dec,"2017 Dec, 19",201712
20171220,20/12/2017,FY2018,FY2018 Q2,2017 Dec,"2017 Dec, 20",201712
20171221,21/12/2017,FY2018,FY2018 Q2,2017 Dec,"2017 Dec, 21",201712
20171222,22/12/2017,FY2018,FY2018 Q2,2017 Dec,"2017 Dec, 22",201712
20171223,23/12/2017,FY2018,FY2018 Q2,2017 Dec,"2017 Dec, 23",201712
20171224,24/12/2017,FY2018,FY2018 Q2,2017 Dec,"2017 Dec, 24",201712
20171225,25/12/2017,FY2018,FY2018 Q2,2017 Dec,"2017 Dec, 25",201712
20171226,26/12/2017,FY2018,FY2018 Q2,2017 Dec,"2017 Dec, 26",201712
20171227,27/12/2017,FY2018,FY2018 Q2,2017 Dec,"2017 Dec, 27",201712
20171228,28/12/2017,FY2018,FY2018 Q2,2017 Dec,"2017 Dec, 28",201712
20171229,29/12/2017,FY2018,FY2018 Q2,2017 Dec,"2017 Dec, 29",201712
20171230,30/12/2017,FY2018,FY2018 Q2,2017 Dec,"2017 Dec, 30",201712
20171231,31/12/2017,FY2018,FY2018 Q2,2017 Dec,"2017 Dec, 31",201712
20180101,01/01/2018,FY2018,FY2018 Q3,2018 Jan,"2018 Jan, 01",201801
20180102,02/01/2018,FY2018,FY2018 Q3,2018 Jan,"2018 Jan, 02",201801
20180103,03/01/2018,FY2018,FY2018 Q3,2018 Jan,"2018 Jan, 03",201801
20180104,04/01/2018,FY2018,FY2018 Q3,2018 Jan,"2018 Jan, 04",201801
20180105,05/01/2018,FY2018,FY2018 Q3,2018 Jan,"2018 Jan, 05",201801
20180106,06/01/2018,FY2018,FY2018 Q3,2018 Jan,"2018 Jan, 06",201801
20180107,07/01/2018,FY2018,FY2018 Q3,2018 Jan,"2018 Jan, 07",201801
20180108,08/01/2018,FY2018,FY2018 Q3,2018 Jan,"2018 Jan, 08",201801
20180109,09/01/2018,FY2018,FY2018 Q3,2018 Jan,"2018 Jan, 09",201801
20180110,10/01/2018,FY2018,FY2018 Q3,2018 Jan,"2018 Jan, 10",201801
20180111,11/01/2018,FY2018,FY2018 Q3,2018 Jan,"2018 Jan, 11",201801
20180112,12/01/2018,FY2018,FY2018 Q3,2018 Jan,"2018 Jan, 12",201801
20180113,13/01/2018,FY2018,FY2018 Q3,2018 Jan,"2018 Jan, 13",201801
20180114,14/01/2018,FY2018,FY2018 Q3,2018 Jan,"2018 Jan, 14",201801
20180115,15/01/2018,FY2018,FY2018 Q3,2018 Jan,"2018 Jan, 15",201801
20180116,16/01/2018,FY2018,FY2018 Q3,2018 Jan,"2018 Jan, 16",201801
20180117,17/01/2018,FY2018,FY2018 Q3,2018 Jan,"2018 Jan, 17",201801
20180118,18/01/2018,FY2018,FY2018 Q3,2018 Jan,"2018 Jan, 18",201801
20180119,19/01/2018,FY2018,FY2018 Q3,2018 Jan,"2018 Jan, 19",201801
20180120,20/01/2018,FY2018,FY2018 Q3,2018 Jan,"2018 Jan, 20",201801
20180121,21/01/2018,FY2018,FY2018 Q3,2018 Jan,"2018 Jan, 21",201801
20180122,22/01/2018,FY2018,FY2018 Q3,2018 Jan,"2018 Jan, 22",201801
20180123,23/01/2018,FY2018,FY2018 Q3,2018 Jan,"2018 Jan, 23",201801
20180124,24/01/2018,FY2018,FY2018 Q3,2018 Jan,"2018 Jan, 24",201801
20180125,25/01/2018,FY2018,FY2018 Q3,2018 Jan,"2018 Jan, 25",201801
20180126,26/01/2018,FY2018,FY2018 Q3,2018 Jan,"2018 Jan, 26",201801
20180127,27/01/2018,FY2018,FY2018 Q3,2018 Jan,"2018 Jan, 27",201801
20180128,28/01/2018,FY2018,FY2018 Q3,2018 Jan,"2018 Jan, 28",201801
20180129,29/01/2018,FY2018,FY2018 Q3,2018 Jan,"2018 Jan, 29",201801
20180130,30/01/2018,FY2018,FY2018 Q3,2018 Jan,"2018 Jan, 30",201801
20180131,31/01/2018,FY2018,FY2018 Q3,2018 Jan,"2018 Jan, 31",201801
20180201,01/02/2018,FY2018,FY2018 Q3,2018 Feb,"2018 Feb, 01",201802
20180202,02/02/2018,FY2018,FY2018 Q3,2018 Feb,"2018 Feb, 02",201802
20180203,03/02/2018,FY2018,FY2018 Q3,2018 Feb,"2018 Feb, 03",201802
20180204,04/02/2018,FY2018,FY2018 Q3,2018 Feb,"2018 Feb, 04",201802
20180205,05/02/2018,FY2018,FY2018 Q3,2018 Feb,"2018 Feb, 05",201802
20180206,06/02/2018,FY2018,FY2018 Q3,2018 Feb,"2018 Feb, 06",201802
20180207,07/02/2018,FY2018,FY2018 Q3,2018 Feb,"2018 Feb, 07",201802
20180208,08/02/2018,FY2018,FY2018 Q3,2018 Feb,"2018 Feb, 08",201802
20180209,09/02/2018,FY2018,FY2018 Q3,2018 Feb,"2018 Feb, 09",201802
20180210,10/02/2018,FY2018,FY2018 Q3,2018 Feb,"2018 Feb, 10",201802
20180211,11/02/2018,FY2018,FY2018 Q3,2018 Feb,"2018 Feb, 11",201802
20180212,12/02/2018,FY2018,FY2018 Q3,2018 Feb,"2018 Feb, 12",201802
20180213,13/02/2018,FY2018,FY2018 Q3,2018 Feb,"2018 Feb, 13",201802
20180214,14/02/2018,FY2018,FY2018 Q3,2018 Feb,"2018 Feb, 14",201802
20180215,15/02/2018,FY2018,FY2018 Q3,2018 Feb,"2018 Feb, 15",201802
20180216,16/02/2018,FY2018,FY2018 Q3,2018 Feb,"2018 Feb, 16",201802
20180217,17/02/2018,FY2018,FY2018 Q3,2018 Feb,"2018 Feb, 17",201802
20180218,18/02/2018,FY2018,FY2018 Q3,2018 Feb,"2018 Feb, 18",201802
20180219,19/02/2018,FY2018,FY2018 Q3,2018 Feb,"2018 Feb, 19",201802
20180220,20/02/2018,FY2018,FY2018 Q3,2018 Feb,"2018 Feb, 20",201802
20180221,21/02/2018,FY2018,FY2018 Q3,2018 Feb,"2018 Feb, 21",201802
20180222,22/02/2018,FY2018,FY2018 Q3,2018 Feb,"2018 Feb, 22",201802
20180223,23/02/2018,FY2018,FY2018 Q3,2018 Feb,"2018 Feb, 23",201802
20180224,24/02/2018,FY2018,FY2018 Q3,2018 Feb,"2018 Feb, 24",201802
20180225,25/02/2018,FY2018,FY2018 Q3,2018 Feb,"2018 Feb, 25",201802
20180226,26/02/2018,FY2018,FY2018 Q3,2018 Feb,"2018 Feb, 26",201802
20180227,27/02/2018,FY2018,FY2018 Q3,2018 Feb,"2018 Feb, 27",201802
20180228,28/02/2018,FY2018,FY2018 Q3,2018 Feb,"2018 Feb, 28",201802
20180301,01/03/2018,FY2018,FY2018 Q3,2018 Mar,"2018 Mar, 01",201803
20180302,02/03/2018,FY2018,FY2018 Q3,2018 Mar,"2018 Mar, 02",201803
20180303,03/03/2018,FY2018,FY2018 Q3,2018 Mar,"2018 Mar, 03",201803
20180304,04/03/2018,FY2018,FY2018 Q3,2018 Mar,"2018 Mar, 04",201803
20180305,05/03/2018,FY2018,FY2018 Q3,2018 Mar,"2018 Mar, 05",201803
20180306,06/03/2018,FY2018,FY2018 Q3,2018 Mar,"2018 Mar, 06",201803
20180307,07/03/2018,FY2018,FY2018 Q3,2018 Mar,"2018 Mar, 07",201803
20180308,08/03/2018,FY2018,FY2018 Q3,2018 Mar,"2018 Mar, 08",201803
20180309,09/03/2018,FY2018,FY2018 Q3,2018 Mar,"2018 Mar, 09",201803
20180310,10/03/2018,FY2018,FY2018 Q3,2018 Mar,"2018 Mar, 10",201803
20180311,11/03/2018,FY2018,FY2018 Q3,2018 Mar,"2018 Mar, 11",201803
20180312,12/03/2018,FY2018,FY2018 Q3,2018 Mar,"2018 Mar, 12",201803
20180313,13/03/2018,FY2018,FY2018 Q3,2018 Mar,"2018 Mar, 13",201803
20180314,14/03/2018,FY2018,FY2018 Q3,2018 Mar,"2018 Mar, 14",201803
20180315,15/03/2018,FY2018,FY2018 Q3,2018 Mar,"2018 Mar, 15",201803
20180316,16/03/2018,FY2018,FY2018 Q3,2018 Mar,"2018 Mar, 16",201803
20180317,17/03/2018,FY2018,FY2018 Q3,2018 Mar,"2018 Mar, 17",201803
20180318,18/03/2018,FY2018,FY2018 Q3,2018 Mar,"2018 Mar, 18",201803
20180319,19/03/2018,FY2018,FY2018 Q3,2018 Mar,"2018 Mar, 19",201803
20180320,20/03/2018,FY2018,FY2018 Q3,2018 Mar,"2018 Mar, 20",201803
20180321,21/03/2018,FY2018,FY2018 Q3,2018 Mar,"2018 Mar, 21",201803
20180322,22/03/2018,FY2018,FY2018 Q3,2018 Mar,"2018 Mar, 22",201803
20180323,23/03/2018,FY2018,FY2018 Q3,2018 Mar,"2018 Mar, 23",201803
20180324,24/03/2018,FY2018,FY2018 Q3,2018 Mar,"2018 Mar, 24",201803
20180325,25/03/2018,FY2018,FY2018 Q3,2018 Mar,"2018 Mar, 25",201803
20180326,26/03/2018,FY2018,FY2018 Q3,2018 Mar,"2018 Mar, 26",201803
20180327,27/03/2018,FY2018,FY2018 Q3,2018 Mar,"2018 Mar, 27",201803
20180328,28/03/2018,FY2018,FY2018 Q3,2018 Mar,"2018 Mar, 28",201803
20180329,29/03/2018,FY2018,FY2018 Q3,2018 Mar,"2018 Mar, 29",201803
20180330,30/03/2018,FY2018,FY2018 Q3,2018 Mar,"2018 Mar, 30",201803
20180331,31/03/2018,FY2018,FY2018 Q3,2018 Mar,"2018 Mar, 31",201803
20180401,01/04/2018,FY2018,FY2018 Q4,2018 Apr,"2018 Apr, 01",201804
20180402,02/04/2018,FY2018,FY2018 Q4,2018 Apr,"2018 Apr, 02",201804
20180403,03/04/2018,FY2018,FY2018 Q4,2018 Apr,"2018 Apr, 03",201804
20180404,04/04/2018,FY2018,FY2018 Q4,2018 Apr,"2018 Apr, 04",201804
20180405,05/04/2018,FY2018,FY2018 Q4,2018 Apr,"2018 Apr, 05",201804
20180406,06/04/2018,FY2018,FY2018 Q4,2018 Apr,"2018 Apr, 06",201804
20180407,07/04/2018,FY2018,FY2018 Q4,2018 Apr,"2018 Apr, 07",201804
20180408,08/04/2018,FY2018,FY2018 Q4,2018 Apr,"2018 Apr, 08",201804
20180409,09/04/2018,FY2018,FY2018 Q4,2018 Apr,"2018 Apr, 09",201804
20180410,10/04/2018,FY2018,FY2018 Q4,2018 Apr,"2018 Apr, 10",201804
20180411,11/04/2018,FY2018,FY2018 Q4,2018 Apr,"2018 Apr, 11",201804
20180412,12/04/2018,FY2018,FY2018 Q4,2018 Apr,"2018 Apr, 12",201804
20180413,13/04/2018,FY2018,FY2018 Q4,2018 Apr,"2018 Apr, 13",201804
20180414,14/04/2018,FY2018,FY2018 Q4,2018 Apr,"2018 Apr, 14",201804
20180415,15/04/2018,FY2018,FY2018 Q4,2018 Apr,"2018 Apr, 15",201804
20180416,16/04/2018,FY2018,FY2018 Q4,2018 Apr,"2018 Apr, 16",201804
20180417,17/04/2018,FY2018,FY2018 Q4,2018 Apr,"2018 Apr, 17",201804
20180418,18/04/2018,FY2018,FY2018 Q4,2018 Apr,"2018 Apr, 18",201804
20180419,19/04/2018,FY2018,FY2018 Q4,2018 Apr,"2018 Apr, 19",201804
20180420,20/04/2018,FY2018,FY2018 Q4,2018 Apr,"2018 Apr, 20",201804
20180421,21/04/2018,FY2018,FY2018 Q4,2018 Apr,"2018 Apr, 21",201804
20180422,22/04/2018,FY2018,FY2018 Q4,2018 Apr,"2018 Apr, 22",201804
20180423,23/04/2018,FY2018,FY2018 Q4,2018 Apr,"2018 Apr, 23",201804
20180424,24/04/2018,FY2018,FY2018 Q4,2018 Apr,"2018 Apr, 24",201804
20180425,25/04/2018,FY2018,FY2018 Q4,2018 Apr,"2018 Apr, 25",201804
20180426,26/04/2018,FY2018,FY2018 Q4,2018 Apr,"2018 Apr, 26",201804
20180427,27/04/2018,FY2018,FY2018 Q4,2018 Apr,"2018 Apr, 27",201804
20180428,28/04/2018,FY2018,FY2018 Q4,2018 Apr,"2018 Apr, 28",201804
20180429,29/04/2018,FY2018,FY2018 Q4,2018 Apr,"2018 Apr, 29",201804
20180430,30/04/2018,FY2018,FY2018 Q4,2018 Apr,"2018 Apr, 30",201804
20180501,01/05/2018,FY2018,FY2018 Q4,2018 May,"2018 May, 01",201805
20180502,02/05/2018,FY2018,FY2018 Q4,2018 May,"2018 May, 02",201805
20180503,03/05/2018,FY2018,FY2018 Q4,2018 May,"2018 May, 03",201805
20180504,04/05/2018,FY2018,FY2018 Q4,2018 May,"2018 May, 04",201805
20180505,05/05/2018,FY2018,FY2018 Q4,2018 May,"2018 May, 05",201805
20180506,06/05/2018,FY2018,FY2018 Q4,2018 May,"2018 May, 06",201805
20180507,07/05/2018,FY2018,FY2018 Q4,2018 May,"2018 May, 07",201805
20180508,08/05/2018,FY2018,FY2018 Q4,2018 May,"2018 May, 08",201805
20180509,09/05/2018,FY2018,FY2018 Q4,2018 May,"2018 May, 09",201805
20180510,10/05/2018,FY2018,FY2018 Q4,2018 May,"2018 May, 10",201805
20180511,11/05/2018,FY2018,FY2018 Q4,2018 May,"2018 May, 11",201805
20180512,12/05/2018,FY2018,FY2018 Q4,2018 May,"2018 May, 12",201805
20180513,13/05/2018,FY2018,FY2018 Q4,2018 May,"2018 May, 13",201805
20180514,14/05/2018,FY2018,FY2018 Q4,2018 May,"2018 May, 14",201805
20180515,15/05/2018,FY2018,FY2018 Q4,2018 May,"2018 May, 15",201805
20180516,16/05/2018,FY2018,FY2018 Q4,2018 May,"2018 May, 16",201805
20180517,17/05/2018,FY2018,FY2018 Q4,2018 May,"2018 May, 17",201805
20180518,18/05/2018,FY2018,FY2018 Q4,2018 May,"2018 May, 18",201805
20180519,19/05/2018,FY2018,FY2018 Q4,2018 May,"2018 May, 19",201805
20180520,20/05/2018,FY2018,FY2018 Q4,2018 May,"2018 May, 20",201805
20180521,21/05/2018,FY2018,FY2018 Q4,2018 May,"2018 May, 21",201805
20180522,22/05/2018,FY2018,FY2018 Q4,2018 May,"2018 May, 22",201805
20180523,23/05/2018,FY2018,FY2018 Q4,2018 May,"2018 May, 23",201805
20180524,24/05/2018,FY2018,FY2018 Q4,2018 May,"2018 May, 24",201805
20180525,25/05/2018,FY2018,FY2018 Q4,2018 May,"2018 May, 25",201805
20180526,26/05/2018,FY2018,FY2018 Q4,2018 May,"2018 May, 26",201805
20180527,27/05/2018,FY2018,FY2018 Q4,2018 May,"2018 May, 27",201805
20180528,28/05/2018,FY2018,FY2018 Q4,2018 May,"2018 May, 28",201805
20180529,29/05/2018,FY2018,FY2018 Q4,2018 May,"2018 May, 29",201805
20180530,30/05/2018,FY2018,FY2018 Q4,2018 May,"2018 May, 30",201805
20180531,31/05/2018,FY2018,FY2018 Q4,2018 May,"2018 May, 31",201805
20180601,01/06/2018,FY2018,FY2018 Q4,2018 Jun,"2018 Jun, 01",201806
20180602,02/06/2018,FY2018,FY2018 Q4,2018 Jun,"2018 Jun, 02",201806
20180603,03/06/2018,FY2018,FY2018 Q4,2018 Jun,"2018 Jun, 03",201806
20180604,04/06/2018,FY2018,FY2018 Q4,2018 Jun,"2018 Jun, 04",201806
20180605,05/06/2018,FY2018,FY2018 Q4,2018 Jun,"2018 Jun, 05",201806
20180606,06/06/2018,FY2018,FY2018 Q4,2018 Jun,"2018 Jun, 06",201806
20180607,07/06/2018,FY2018,FY2018 Q4,2018 Jun,"2018 Jun, 07",201806
20180608,08/06/2018,FY2018,FY2018 Q4,2018 Jun,"2018 Jun, 08",201806
20180609,09/06/2018,FY2018,FY2018 Q4,2018 Jun,"2018 Jun, 09",201806
20180610,10/06/2018,FY2018,FY2018 Q4,2018 Jun,"2018 Jun, 10",201806
20180611,11/06/2018,FY2018,FY2018 Q4,2018 Jun,"2018 Jun, 11",201806
20180612,12/06/2018,FY2018,FY2018 Q4,2018 Jun,"2018 Jun, 12",201806
20180613,13/06/2018,FY2018,FY2018 Q4,2018 Jun,"2018 Jun, 13",201806
20180614,14/06/2018,FY2018,FY2018 Q4,2018 Jun,"2018 Jun, 14",201806
20180615,15/06/2018,FY2018,FY2018 Q4,2018 Jun,"2018 Jun, 15",201806
20180616,16/06/2018,FY2018,FY2018 Q4,2018 Jun,"2018 Jun, 16",201806
20180617,17/06/2018,FY2018,FY2018 Q4,2018 Jun,"2018 Jun, 17",201806
20180618,18/06/2018,FY2018,FY2018 Q4,2018 Jun,"2018 Jun, 18",201806
20180619,19/06/2018,FY2018,FY2018 Q4,2018 Jun,"2018 Jun, 19",201806
20180620,20/06/2018,FY2018,FY2018 Q4,2018 Jun,"2018 Jun, 20",201806
20180621,21/06/2018,FY2018,FY2018 Q4,2018 Jun,"2018 Jun, 21",201806
20180622,22/06/2018,FY2018,FY2018 Q4,2018 Jun,"2018 Jun, 22",201806
20180623,23/06/2018,FY2018,FY2018 Q4,2018 Jun,"2018 Jun, 23",201806
20180624,24/06/2018,FY2018,FY2018 Q4,2018 Jun,"2018 Jun, 24",201806
20180625,25/06/2018,FY2018,FY2018 Q4,2018 Jun,"2018 Jun, 25",201806
20180626,26/06/2018,FY2018,FY2018 Q4,2018 Jun,"2018 Jun, 26",201806
20180627,27/06/2018,FY2018,FY2018 Q4,2018 Jun,"2018 Jun, 27",201806
20180628,28/06/2018,FY2018,FY2018 Q4,2018 Jun,"2018 Jun, 28",201806
20180629,29/06/2018,FY2018,FY2018 Q4,2018 Jun,"2018 Jun, 29",201806
20180630,30/06/2018,FY2018,FY2018 Q4,2018 Jun,"2018 Jun, 30",201806
20180701,01/07/2018,FY2019,FY2019 Q1,2018 Jul,"2018 Jul, 01",201807
20180702,02/07/2018,FY2019,FY2019 Q1,2018 Jul,"2018 Jul, 02",201807
20180703,03/07/2018,FY2019,FY2019 Q1,2018 Jul,"2018 Jul, 03",201807
20180704,04/07/2018,FY2019,FY2019 Q1,2018 Jul,"2018 Jul, 04",201807
20180705,05/07/2018,FY2019,FY2019 Q1,2018 Jul,"2018 Jul, 05",201807
20180706,06/07/2018,FY2019,FY2019 Q1,2018 Jul,"2018 Jul, 06",201807
20180707,07/07/2018,FY2019,FY2019 Q1,2018 Jul,"2018 Jul, 07",201807
20180708,08/07/2018,FY2019,FY2019 Q1,2018 Jul,"2018 Jul, 08",201807
20180709,09/07/2018,FY2019,FY2019 Q1,2018 Jul,"2018 Jul, 09",201807
20180710,10/07/2018,FY2019,FY2019 Q1,2018 Jul,"2018 Jul, 10",201807
20180711,11/07/2018,FY2019,FY2019 Q1,2018 Jul,"2018 Jul, 11",201807
20180712,12/07/2018,FY2019,FY2019 Q1,2018 Jul,"2018 Jul, 12",201807
20180713,13/07/2018,FY2019,FY2019 Q1,2018 Jul,"2018 Jul, 13",201807
20180714,14/07/2018,FY2019,FY2019 Q1,2018 Jul,"2018 Jul, 14",201807
20180715,15/07/2018,FY2019,FY2019 Q1,2018 Jul,"2018 Jul, 15",201807
20180716,16/07/2018,FY2019,FY2019 Q1,2018 Jul,"2018 Jul, 16",201807
20180717,17/07/2018,FY2019,FY2019 Q1,2018 Jul,"2018 Jul, 17",201807
20180718,18/07/2018,FY2019,FY2019 Q1,2018 Jul,"2018 Jul, 18",201807
20180719,19/07/2018,FY2019,FY2019 Q1,2018 Jul,"2018 Jul, 19",201807
20180720,20/07/2018,FY2019,FY2019 Q1,2018 Jul,"2018 Jul, 20",201807
20180721,21/07/2018,FY2019,FY2019 Q1,2018 Jul,"2018 Jul, 21",201807
20180722,22/07/2018,FY2019,FY2019 Q1,2018 Jul,"2018 Jul, 22",201807
20180723,23/07/2018,FY2019,FY2019 Q1,2018 Jul,"2018 Jul, 23",201807
20180724,24/07/2018,FY2019,FY2019 Q1,2018 Jul,"2018 Jul, 24",201807
20180725,25/07/2018,FY2019,FY2019 Q1,2018 Jul,"2018 Jul, 25",201807
20180726,26/07/2018,FY2019,FY2019 Q1,2018 Jul,"2018 Jul, 26",201807
20180727,27/07/2018,FY2019,FY2019 Q1,2018 Jul,"2018 Jul, 27",201807
20180728,28/07/2018,FY2019,FY2019 Q1,2018 Jul,"2018 Jul, 28",201807
20180729,29/07/2018,FY2019,FY2019 Q1,2018 Jul,"2018 Jul, 29",201807
20180730,30/07/2018,FY2019,FY2019 Q1,2018 Jul,"2018 Jul, 30",201807
20180731,31/07/2018,FY2019,FY2019 Q1,2018 Jul,"2018 Jul, 31",201807
20180801,01/08/2018,FY2019,FY2019 Q1,2018 Aug,"2018 Aug, 01",201808
20180802,02/08/2018,FY2019,FY2019 Q1,2018 Aug,"2018 Aug, 02",201808
20180803,03/08/2018,FY2019,FY2019 Q1,2018 Aug,"2018 Aug, 03",201808
20180804,04/08/2018,FY2019,FY2019 Q1,2018 Aug,"2018 Aug, 04",201808
20180805,05/08/2018,FY2019,FY2019 Q1,2018 Aug,"2018 Aug, 05",201808
20180806,06/08/2018,FY2019,FY2019 Q1,2018 Aug,"2018 Aug, 06",201808
20180807,07/08/2018,FY2019,FY2019 Q1,2018 Aug,"2018 Aug, 07",201808
20180808,08/08/2018,FY2019,FY2019 Q1,2018 Aug,"2018 Aug, 08",201808
20180809,09/08/2018,FY2019,FY2019 Q1,2018 Aug,"2018 Aug, 09",201808
20180810,10/08/2018,FY2019,FY2019 Q1,2018 Aug,"2018 Aug, 10",201808
20180811,11/08/2018,FY2019,FY2019 Q1,2018 Aug,"2018 Aug, 11",201808
20180812,12/08/2018,FY2019,FY2019 Q1,2018 Aug,"2018 Aug, 12",201808
20180813,13/08/2018,FY2019,FY2019 Q1,2018 Aug,"2018 Aug, 13",201808
20180814,14/08/2018,FY2019,FY2019 Q1,2018 Aug,"2018 Aug, 14",201808
20180815,15/08/2018,FY2019,FY2019 Q1,2018 Aug,"2018 Aug, 15",201808
20180816,16/08/2018,FY2019,FY2019 Q1,2018 Aug,"2018 Aug, 16",201808
20180817,17/08/2018,FY2019,FY2019 Q1,2018 Aug,"2018 Aug, 17",201808
20180818,18/08/2018,FY2019,FY2019 Q1,2018 Aug,"2018 Aug, 18",201808
20180819,19/08/2018,FY2019,FY2019 Q1,2018 Aug,"2018 Aug, 19",201808
20180820,20/08/2018,FY2019,FY2019 Q1,2018 Aug,"2018 Aug, 20",201808
20180821,21/08/2018,FY2019,FY2019 Q1,2018 Aug,"2018 Aug, 21",201808
20180822,22/08/2018,FY2019,FY2019 Q1,2018 Aug,"2018 Aug, 22",201808
20180823,23/08/2018,FY2019,FY2019 Q1,2018 Aug,"2018 Aug, 23",201808
20180824,24/08/2018,FY2019,FY2019 Q1,2018 Aug,"2018 Aug, 24",201808
20180825,25/08/2018,FY2019,FY2019 Q1,2018 Aug,"2018 Aug, 25",201808
20180826,26/08/2018,FY2019,FY2019 Q1,2018 Aug,"2018 Aug, 26",201808
20180827,27/08/2018,FY2019,FY2019 Q1,2018 Aug,"2018 Aug, 27",201808
20180828,28/08/2018,FY2019,FY2019 Q1,2018 Aug,"2018 Aug, 28",201808
20180829,29/08/2018,FY2019,FY2019 Q1,2018 Aug,"2018 Aug, 29",201808
20180830,30/08/2018,FY2019,FY2019 Q1,2018 Aug,"2018 Aug, 30",201808
20180831,31/08/2018,FY2019,FY2019 Q1,2018 Aug,"2018 Aug, 31",201808
20180901,01/09/2018,FY2019,FY2019 Q1,2018 Sep,"2018 Sep, 01",201809
20180902,02/09/2018,FY2019,FY2019 Q1,2018 Sep,"2018 Sep, 02",201809
20180903,03/09/2018,FY2019,FY2019 Q1,2018 Sep,"2018 Sep, 03",201809
20180904,04/09/2018,FY2019,FY2019 Q1,2018 Sep,"2018 Sep, 04",201809
20180905,05/09/2018,FY2019,FY2019 Q1,2018 Sep,"2018 Sep, 05",201809
20180906,06/09/2018,FY2019,FY2019 Q1,2018 Sep,"2018 Sep, 06",201809
20180907,07/09/2018,FY2019,FY2019 Q1,2018 Sep,"2018 Sep, 07",201809
20180908,08/09/2018,FY2019,FY2019 Q1,2018 Sep,"2018 Sep, 08",201809
20180909,09/09/2018,FY2019,FY2019 Q1,2018 Sep,"2018 Sep, 09",201809
20180910,10/09/2018,FY2019,FY2019 Q1,2018 Sep,"2018 Sep, 10",201809
20180911,11/09/2018,FY2019,FY2019 Q1,2018 Sep,"2018 Sep, 11",201809
20180912,12/09/2018,FY2019,FY2019 Q1,2018 Sep,"2018 Sep, 12",201809
20180913,13/09/2018,FY2019,FY2019 Q1,2018 Sep,"2018 Sep, 13",201809
20180914,14/09/2018,FY2019,FY2019 Q1,2018 Sep,"2018 Sep, 14",201809
20180915,15/09/2018,FY2019,FY2019 Q1,2018 Sep,"2018 Sep, 15",201809
20180916,16/09/2018,FY2019,FY2019 Q1,2018 Sep,"2018 Sep, 16",201809
20180917,17/09/2018,FY2019,FY2019 Q1,2018 Sep,"2018 Sep, 17",201809
20180918,18/09/2018,FY2019,FY2019 Q1,2018 Sep,"2018 Sep, 18",201809
20180919,19/09/2018,FY2019,FY2019 Q1,2018 Sep,"2018 Sep, 19",201809
20180920,20/09/2018,FY2019,FY2019 Q1,2018 Sep,"2018 Sep, 20",201809
20180921,21/09/2018,FY2019,FY2019 Q1,2018 Sep,"2018 Sep, 21",201809
20180922,22/09/2018,FY2019,FY2019 Q1,2018 Sep,"2018 Sep, 22",201809
20180923,23/09/2018,FY2019,FY2019 Q1,2018 Sep,"2018 Sep, 23",201809
20180924,24/09/2018,FY2019,FY2019 Q1,2018 Sep,"2018 Sep, 24",201809
20180925,25/09/2018,FY2019,FY2019 Q1,2018 Sep,"2018 Sep, 25",201809
20180926,26/09/2018,FY2019,FY2019 Q1,2018 Sep,"2018 Sep, 26",201809
20180927,27/09/2018,FY2019,FY2019 Q1,2018 Sep,"2018 Sep, 27",201809
20180928,28/09/2018,FY2019,FY2019 Q1,2018 Sep,"2018 Sep, 28",201809
20180929,29/09/2018,FY2019,FY2019 Q1,2018 Sep,"2018 Sep, 29",201809
20180930,30/09/2018,FY2019,FY2019 Q1,2018 Sep,"2018 Sep, 30",201809
20181001,01/10/2018,FY2019,FY2019 Q2,2018 Oct,"2018 Oct, 01",201810
20181002,02/10/2018,FY2019,FY2019 Q2,2018 Oct,"2018 Oct, 02",201810
20181003,03/10/2018,FY2019,FY2019 Q2,2018 Oct,"2018 Oct, 03",201810
20181004,04/10/2018,FY2019,FY2019 Q2,2018 Oct,"2018 Oct, 04",201810
20181005,05/10/2018,FY2019,FY2019 Q2,2018 Oct,"2018 Oct, 05",201810
20181006,06/10/2018,FY2019,FY2019 Q2,2018 Oct,"2018 Oct, 06",201810
20181007,07/10/2018,FY2019,FY2019 Q2,2018 Oct,"2018 Oct, 07",201810
20181008,08/10/2018,FY2019,FY2019 Q2,2018 Oct,"2018 Oct, 08",201810
20181009,09/10/2018,FY2019,FY2019 Q2,2018 Oct,"2018 Oct, 09",201810
20181010,10/10/2018,FY2019,FY2019 Q2,2018 Oct,"2018 Oct, 10",201810
20181011,11/10/2018,FY2019,FY2019 Q2,2018 Oct,"2018 Oct, 11",201810
20181012,12/10/2018,FY2019,FY2019 Q2,2018 Oct,"2018 Oct, 12",201810
20181013,13/10/2018,FY2019,FY2019 Q2,2018 Oct,"2018 Oct, 13",201810
20181014,14/10/2018,FY2019,FY2019 Q2,2018 Oct,"2018 Oct, 14",201810
20181015,15/10/2018,FY2019,FY2019 Q2,2018 Oct,"2018 Oct, 15",201810
20181016,16/10/2018,FY2019,FY2019 Q2,2018 Oct,"2018 Oct, 16",201810
20181017,17/10/2018,FY2019,FY2019 Q2,2018 Oct,"2018 Oct, 17",201810
20181018,18/10/2018,FY2019,FY2019 Q2,2018 Oct,"2018 Oct, 18",201810
20181019,19/10/2018,FY2019,FY2019 Q2,2018 Oct,"2018 Oct, 19",201810
20181020,20/10/2018,FY2019,FY2019 Q2,2018 Oct,"2018 Oct, 20",201810
20181021,21/10/2018,FY2019,FY2019 Q2,2018 Oct,"2018 Oct, 21",201810
20181022,22/10/2018,FY2019,FY2019 Q2,2018 Oct,"2018 Oct, 22",201810
20181023,23/10/2018,FY2019,FY2019 Q2,2018 Oct,"2018 Oct, 23",201810
20181024,24/10/2018,FY2019,FY2019 Q2,2018 Oct,"2018 Oct, 24",201810
20181025,25/10/2018,FY2019,FY2019 Q2,2018 Oct,"2018 Oct, 25",201810
20181026,26/10/2018,FY2019,FY2019 Q2,2018 Oct,"2018 Oct, 26",201810
20181027,27/10/2018,FY2019,FY2019 Q2,2018 Oct,"2018 Oct, 27",201810
20181028,28/10/2018,FY2019,FY2019 Q2,2018 Oct,"2018 Oct, 28",201810
20181029,29/10/2018,FY2019,FY2019 Q2,2018 Oct,"2018 Oct, 29",201810
20181030,30/10/2018,FY2019,FY2019 Q2,2018 Oct,"2018 Oct, 30",201810
20181031,31/10/2018,FY2019,FY2019 Q2,2018 Oct,"2018 Oct, 31",201810
20181101,01/11/2018,FY2019,FY2019 Q2,2018 Nov,"2018 Nov, 01",201811
20181102,02/11/2018,FY2019,FY2019 Q2,2018 Nov,"2018 Nov, 02",201811
20181103,03/11/2018,FY2019,FY2019 Q2,2018 Nov,"2018 Nov, 03",201811
20181104,04/11/2018,FY2019,FY2019 Q2,2018 Nov,"2018 Nov, 04",201811
20181105,05/11/2018,FY2019,FY2019 Q2,2018 Nov,"2018 Nov, 05",201811
20181106,06/11/2018,FY2019,FY2019 Q2,2018 Nov,"2018 Nov, 06",201811
20181107,07/11/2018,FY2019,FY2019 Q2,2018 Nov,"2018 Nov, 07",201811
20181108,08/11/2018,FY2019,FY2019 Q2,2018 Nov,"2018 Nov, 08",201811
20181109,09/11/2018,FY2019,FY2019 Q2,2018 Nov,"2018 Nov, 09",201811
20181110,10/11/2018,FY2019,FY2019 Q2,2018 Nov,"2018 Nov, 10",201811
20181111,11/11/2018,FY2019,FY2019 Q2,2018 Nov,"2018 Nov, 11",201811
20181112,12/11/2018,FY2019,FY2019 Q2,2018 Nov,"2018 Nov, 12",201811
20181113,13/11/2018,FY2019,FY2019 Q2,2018 Nov,"2018 Nov, 13",201811
20181114,14/11/2018,FY2019,FY2019 Q2,2018 Nov,"2018 Nov, 14",201811
20181115,15/11/2018,FY2019,FY2019 Q2,2018 Nov,"2018 Nov, 15",201811
20181116,16/11/2018,FY2019,FY2019 Q2,2018 Nov,"2018 Nov, 16",201811
20181117,17/11/2018,FY2019,FY2019 Q2,2018 Nov,"2018 Nov, 17",201811
20181118,18/11/2018,FY2019,FY2019 Q2,2018 Nov,"2018 Nov, 18",201811
20181119,19/11/2018,FY2019,FY2019 Q2,2018 Nov,"2018 Nov, 19",201811
20181120,20/11/2018,FY2019,FY2019 Q2,2018 Nov,"2018 Nov, 20",201811
20181121,21/11/2018,FY2019,FY2019 Q2,2018 Nov,"2018 Nov, 21",201811
20181122,22/11/2018,FY2019,FY2019 Q2,2018 Nov,"2018 Nov, 22",201811
20181123,23/11/2018,FY2019,FY2019 Q2,2018 Nov,"2018 Nov, 23",201811
20181124,24/11/2018,FY2019,FY2019 Q2,2018 Nov,"2018 Nov, 24",201811
20181125,25/11/2018,FY2019,FY2019 Q2,2018 Nov,"2018 Nov, 25",201811
20181126,26/11/2018,FY2019,FY2019 Q2,2018 Nov,"2018 Nov, 26",201811
20181127,27/11/2018,FY2019,FY2019 Q2,2018 Nov,"2018 Nov, 27",201811
20181128,28/11/2018,FY2019,FY2019 Q2,2018 Nov,"2018 Nov, 28",201811
20181129,29/11/2018,FY2019,FY2019 Q2,2018 Nov,"2018 Nov, 29",201811
20181130,30/11/2018,FY2019,FY2019 Q2,2018 Nov,"2018 Nov, 30",201811
20181201,01/12/2018,FY2019,FY2019 Q2,2018 Dec,"2018 Dec, 01",201812
20181202,02/12/2018,FY2019,FY2019 Q2,2018 Dec,"2018 Dec, 02",201812
20181203,03/12/2018,FY2019,FY2019 Q2,2018 Dec,"2018 Dec, 03",201812
20181204,04/12/2018,FY2019,FY2019 Q2,2018 Dec,"2018 Dec, 04",201812
20181205,05/12/2018,FY2019,FY2019 Q2,2018 Dec,"2018 Dec, 05",201812
20181206,06/12/2018,FY2019,FY2019 Q2,2018 Dec,"2018 Dec, 06",201812
20181207,07/12/2018,FY2019,FY2019 Q2,2018 Dec,"2018 Dec, 07",201812
20181208,08/12/2018,FY2019,FY2019 Q2,2018 Dec,"2018 Dec, 08",201812
20181209,09/12/2018,FY2019,FY2019 Q2,2018 Dec,"2018 Dec, 09",201812
20181210,10/12/2018,FY2019,FY2019 Q2,2018 Dec,"2018 Dec, 10",201812
20181211,11/12/2018,FY2019,FY2019 Q2,2018 Dec,"2018 Dec, 11",201812
20181212,12/12/2018,FY2019,FY2019 Q2,2018 Dec,"2018 Dec, 12",201812
20181213,13/12/2018,FY2019,FY2019 Q2,2018 Dec,"2018 Dec, 13",201812
20181214,14/12/2018,FY2019,FY2019 Q2,2018 Dec,"2018 Dec, 14",201812
20181215,15/12/2018,FY2019,FY2019 Q2,2018 Dec,"2018 Dec, 15",201812
20181216,16/12/2018,FY2019,FY2019 Q2,2018 Dec,"2018 Dec, 16",201812
20181217,17/12/2018,FY2019,FY2019 Q2,2018 Dec,"2018 Dec, 17",201812
20181218,18/12/2018,FY2019,FY2019 Q2,2018 Dec,"2018 Dec, 18",201812
20181219,19/12/2018,FY2019,FY2019 Q2,2018 Dec,"2018 Dec, 19",201812
20181220,20/12/2018,FY2019,FY2019 Q2,2018 Dec,"2018 Dec, 20",201812
20181221,21/12/2018,FY2019,FY2019 Q2,2018 Dec,"2018 Dec, 21",201812
20181222,22/12/2018,FY2019,FY2019 Q2,2018 Dec,"2018 Dec, 22",201812
20181223,23/12/2018,FY2019,FY2019 Q2,2018 Dec,"2018 Dec, 23",201812
20181224,24/12/2018,FY2019,FY2019 Q2,2018 Dec,"2018 Dec, 24",201812
20181225,25/12/2018,FY2019,FY2019 Q2,2018 Dec,"2018 Dec, 25",201812
20181226,26/12/2018,FY2019,FY2019 Q2,2018 Dec,"2018 Dec, 26",201812
20181227,27/12/2018,FY2019,FY2019 Q2,2018 Dec,"2018 Dec, 27",201812
20181228,28/12/2018,FY2019,FY2019 Q2,2018 Dec,"2018 Dec, 28",201812
20181229,29/12/2018,FY2019,FY2019 Q2,2018 Dec,"2018 Dec, 29",201812
20181230,30/12/2018,FY2019,FY2019 Q2,2018 Dec,"2018 Dec, 30",201812
20181231,31/12/2018,FY2019,FY2019 Q2,2018 Dec,"2018 Dec, 31",201812
20190101,01/01/2019,FY2019,FY2019 Q3,2019 Jan,"2019 Jan, 01",201901
20190102,02/01/2019,FY2019,FY2019 Q3,2019 Jan,"2019 Jan, 02",201901
20190103,03/01/2019,FY2019,FY2019 Q3,2019 Jan,"2019 Jan, 03",201901
20190104,04/01/2019,FY2019,FY2019 Q3,2019 Jan,"2019 Jan, 04",201901
20190105,05/01/2019,FY2019,FY2019 Q3,2019 Jan,"2019 Jan, 05",201901
20190106,06/01/2019,FY2019,FY2019 Q3,2019 Jan,"2019 Jan, 06",201901
20190107,07/01/2019,FY2019,FY2019 Q3,2019 Jan,"2019 Jan, 07",201901
20190108,08/01/2019,FY2019,FY2019 Q3,2019 Jan,"2019 Jan, 08",201901
20190109,09/01/2019,FY2019,FY2019 Q3,2019 Jan,"2019 Jan, 09",201901
20190110,10/01/2019,FY2019,FY2019 Q3,2019 Jan,"2019 Jan, 10",201901
20190111,11/01/2019,FY2019,FY2019 Q3,2019 Jan,"2019 Jan, 11",201901
20190112,12/01/2019,FY2019,FY2019 Q3,2019 Jan,"2019 Jan, 12",201901
20190113,13/01/2019,FY2019,FY2019 Q3,2019 Jan,"2019 Jan, 13",201901
20190114,14/01/2019,FY2019,FY2019 Q3,2019 Jan,"2019 Jan, 14",201901
20190115,15/01/2019,FY2019,FY2019 Q3,2019 Jan,"2019 Jan, 15",201901
20190116,16/01/2019,FY2019,FY2019 Q3,2019 Jan,"2019 Jan, 16",201901
20190117,17/01/2019,FY2019,FY2019 Q3,2019 Jan,"2019 Jan, 17",201901
20190118,18/01/2019,FY2019,FY2019 Q3,2019 Jan,"2019 Jan, 18",201901
20190119,19/01/2019,FY2019,FY2019 Q3,2019 Jan,"2019 Jan, 19",201901
20190120,20/01/2019,FY2019,FY2019 Q3,2019 Jan,"2019 Jan, 20",201901
20190121,21/01/2019,FY2019,FY2019 Q3,2019 Jan,"2019 Jan, 21",201901
20190122,22/01/2019,FY2019,FY2019 Q3,2019 Jan,"2019 Jan, 22",201901
20190123,23/01/2019,FY2019,FY2019 Q3,2019 Jan,"2019 Jan, 23",201901
20190124,24/01/2019,FY2019,FY2019 Q3,2019 Jan,"2019 Jan, 24",201901
20190125,25/01/2019,FY2019,FY2019 Q3,2019 Jan,"2019 Jan, 25",201901
20190126,26/01/2019,FY2019,FY2019 Q3,2019 Jan,"2019 Jan, 26",201901
20190127,27/01/2019,FY2019,FY2019 Q3,2019 Jan,"2019 Jan, 27",201901
20190128,28/01/2019,FY2019,FY2019 Q3,2019 Jan,"2019 Jan, 28",201901
20190129,29/01/2019,FY2019,FY2019 Q3,2019 Jan,"2019 Jan, 29",201901
20190130,30/01/2019,FY2019,FY2019 Q3,2019 Jan,"2019 Jan, 30",201901
20190131,31/01/2019,FY2019,FY2019 Q3,2019 Jan,"2019 Jan, 31",201901
20190201,01/02/2019,FY2019,FY2019 Q3,2019 Feb,"2019 Feb, 01",201902
20190202,02/02/2019,FY2019,FY2019 Q3,2019 Feb,"2019 Feb, 02",201902
20190203,03/02/2019,FY2019,FY2019 Q3,2019 Feb,"2019 Feb, 03",201902
20190204,04/02/2019,FY2019,FY2019 Q3,2019 Feb,"2019 Feb, 04",201902
20190205,05/02/2019,FY2019,FY2019 Q3,2019 Feb,"2019 Feb, 05",201902
20190206,06/02/2019,FY2019,FY2019 Q3,2019 Feb,"2019 Feb, 06",201902
20190207,07/02/2019,FY2019,FY2019 Q3,2019 Feb,"2019 Feb, 07",201902
20190208,08/02/2019,FY2019,FY2019 Q3,2019 Feb,"2019 Feb, 08",201902
20190209,09/02/2019,FY2019,FY2019 Q3,2019 Feb,"2019 Feb, 09",201902
20190210,10/02/2019,FY2019,FY2019 Q3,2019 Feb,"2019 Feb, 10",201902
20190211,11/02/2019,FY2019,FY2019 Q3,2019 Feb,"2019 Feb, 11",201902
20190212,12/02/2019,FY2019,FY2019 Q3,2019 Feb,"2019 Feb, 12",201902
20190213,13/02/2019,FY2019,FY2019 Q3,2019 Feb,"2019 Feb, 13",201902
20190214,14/02/2019,FY2019,FY2019 Q3,2019 Feb,"2019 Feb, 14",201902
20190215,15/02/2019,FY2019,FY2019 Q3,2019 Feb,"2019 Feb, 15",201902
20190216,16/02/2019,FY2019,FY2019 Q3,2019 Feb,"2019 Feb, 16",201902
20190217,17/02/2019,FY2019,FY2019 Q3,2019 Feb,"2019 Feb, 17",201902
20190218,18/02/2019,FY2019,FY2019 Q3,2019 Feb,"2019 Feb, 18",201902
20190219,19/02/2019,FY2019,FY2019 Q3,2019 Feb,"2019 Feb, 19",201902
20190220,20/02/2019,FY2019,FY2019 Q3,2019 Feb,"2019 Feb, 20",201902
20190221,21/02/2019,FY2019,FY2019 Q3,2019 Feb,"2019 Feb, 21",201902
20190222,22/02/2019,FY2019,FY2019 Q3,2019 Feb,"2019 Feb, 22",201902
20190223,23/02/2019,FY2019,FY2019 Q3,2019 Feb,"2019 Feb, 23",201902
20190224,24/02/2019,FY2019,FY2019 Q3,2019 Feb,"2019 Feb, 24",201902
20190225,25/02/2019,FY2019,FY2019 Q3,2019 Feb,"2019 Feb, 25",201902
20190226,26/02/2019,FY2019,FY2019 Q3,2019 Feb,"2019 Feb, 26",201902
20190227,27/02/2019,FY2019,FY2019 Q3,2019 Feb,"2019 Feb, 27",201902
20190228,28/02/2019,FY2019,FY2019 Q3,2019 Feb,"2019 Feb, 28",201902
20190301,01/03/2019,FY2019,FY2019 Q3,2019 Mar,"2019 Mar, 01",201903
20190302,02/03/2019,FY2019,FY2019 Q3,2019 Mar,"2019 Mar, 02",201903
20190303,03/03/2019,FY2019,FY2019 Q3,2019 Mar,"2019 Mar, 03",201903
20190304,04/03/2019,FY2019,FY2019 Q3,2019 Mar,"2019 Mar, 04",201903
20190305,05/03/2019,FY2019,FY2019 Q3,2019 Mar,"2019 Mar, 05",201903
20190306,06/03/2019,FY2019,FY2019 Q3,2019 Mar,"2019 Mar, 06",201903
20190307,07/03/2019,FY2019,FY2019 Q3,2019 Mar,"2019 Mar, 07",201903
20190308,08/03/2019,FY2019,FY2019 Q3,2019 Mar,"2019 Mar, 08",201903
20190309,09/03/2019,FY2019,FY2019 Q3,2019 Mar,"2019 Mar, 09",201903
20190310,10/03/2019,FY2019,FY2019 Q3,2019 Mar,"2019 Mar, 10",201903
20190311,11/03/2019,FY2019,FY2019 Q3,2019 Mar,"2019 Mar, 11",201903
20190312,12/03/2019,FY2019,FY2019 Q3,2019 Mar,"2019 Mar, 12",201903
20190313,13/03/2019,FY2019,FY2019 Q3,2019 Mar,"2019 Mar, 13",201903
20190314,14/03/2019,FY2019,FY2019 Q3,2019 Mar,"2019 Mar, 14",201903
20190315,15/03/2019,FY2019,FY2019 Q3,2019 Mar,"2019 Mar, 15",201903
20190316,16/03/2019,FY2019,FY2019 Q3,2019 Mar,"2019 Mar, 16",201903
20190317,17/03/2019,FY2019,FY2019 Q3,2019 Mar,"2019 Mar, 17",201903
20190318,18/03/2019,FY2019,FY2019 Q3,2019 Mar,"2019 Mar, 18",201903
20190319,19/03/2019,FY2019,FY2019 Q3,2019 Mar,"2019 Mar, 19",201903
20190320,20/03/2019,FY2019,FY2019 Q3,2019 Mar,"2019 Mar, 20",201903
20190321,21/03/2019,FY2019,FY2019 Q3,2019 Mar,"2019 Mar, 21",201903
20190322,22/03/2019,FY2019,FY2019 Q3,2019 Mar,"2019 Mar, 22",201903
20190323,23/03/2019,FY2019,FY2019 Q3,2019 Mar,"2019 Mar, 23",201903
20190324,24/03/2019,FY2019,FY2019 Q3,2019 Mar,"2019 Mar, 24",201903
20190325,25/03/2019,FY2019,FY2019 Q3,2019 Mar,"2019 Mar, 25",201903
20190326,26/03/2019,FY2019,FY2019 Q3,2019 Mar,"2019 Mar, 26",201903
20190327,27/03/2019,FY2019,FY2019 Q3,2019 Mar,"2019 Mar, 27",201903
20190328,28/03/2019,FY2019,FY2019 Q3,2019 Mar,"2019 Mar, 28",201903
20190329,29/03/2019,FY2019,FY2019 Q3,2019 Mar,"2019 Mar, 29",201903
20190330,30/03/2019,FY2019,FY2019 Q3,2019 Mar,"2019 Mar, 30",201903
20190331,31/03/2019,FY2019,FY2019 Q3,2019 Mar,"2019 Mar, 31",201903
20190401,01/04/2019,FY2019,FY2019 Q4,2019 Apr,"2019 Apr, 01",201904
20190402,02/04/2019,FY2019,FY2019 Q4,2019 Apr,"2019 Apr, 02",201904
20190403,03/04/2019,FY2019,FY2019 Q4,2019 Apr,"2019 Apr, 03",201904
20190404,04/04/2019,FY2019,FY2019 Q4,2019 Apr,"2019 Apr, 04",201904
20190405,05/04/2019,FY2019,FY2019 Q4,2019 Apr,"2019 Apr, 05",201904
20190406,06/04/2019,FY2019,FY2019 Q4,2019 Apr,"2019 Apr, 06",201904
20190407,07/04/2019,FY2019,FY2019 Q4,2019 Apr,"2019 Apr, 07",201904
20190408,08/04/2019,FY2019,FY2019 Q4,2019 Apr,"2019 Apr, 08",201904
20190409,09/04/2019,FY2019,FY2019 Q4,2019 Apr,"2019 Apr, 09",201904
20190410,10/04/2019,FY2019,FY2019 Q4,2019 Apr,"2019 Apr, 10",201904
20190411,11/04/2019,FY2019,FY2019 Q4,2019 Apr,"2019 Apr, 11",201904
20190412,12/04/2019,FY2019,FY2019 Q4,2019 Apr,"2019 Apr, 12",201904
20190413,13/04/2019,FY2019,FY2019 Q4,2019 Apr,"2019 Apr, 13",201904
20190414,14/04/2019,FY2019,FY2019 Q4,2019 Apr,"2019 Apr, 14",201904
20190415,15/04/2019,FY2019,FY2019 Q4,2019 Apr,"2019 Apr, 15",201904
20190416,16/04/2019,FY2019,FY2019 Q4,2019 Apr,"2019 Apr, 16",201904
20190417,17/04/2019,FY2019,FY2019 Q4,2019 Apr,"2019 Apr, 17",201904
20190418,18/04/2019,FY2019,FY2019 Q4,2019 Apr,"2019 Apr, 18",201904
20190419,19/04/2019,FY2019,FY2019 Q4,2019 Apr,"2019 Apr, 19",201904
20190420,20/04/2019,FY2019,FY2019 Q4,2019 Apr,"2019 Apr, 20",201904
20190421,21/04/2019,FY2019,FY2019 Q4,2019 Apr,"2019 Apr, 21",201904
20190422,22/04/2019,FY2019,FY2019 Q4,2019 Apr,"2019 Apr, 22",201904
20190423,23/04/2019,FY2019,FY2019 Q4,2019 Apr,"2019 Apr, 23",201904
20190424,24/04/2019,FY2019,FY2019 Q4,2019 Apr,"2019 Apr, 24",201904
20190425,25/04/2019,FY2019,FY2019 Q4,2019 Apr,"2019 Apr, 25",201904
20190426,26/04/2019,FY2019,FY2019 Q4,2019 Apr,"2019 Apr, 26",201904
20190427,27/04/2019,FY2019,FY2019 Q4,2019 Apr,"2019 Apr, 27",201904
20190428,28/04/2019,FY2019,FY2019 Q4,2019 Apr,"2019 Apr, 28",201904
20190429,29/04/2019,FY2019,FY2019 Q4,2019 Apr,"2019 Apr, 29",201904
20190430,30/04/2019,FY2019,FY2019 Q4,2019 Apr,"2019 Apr, 30",201904
20190501,01/05/2019,FY2019,FY2019 Q4,2019 May,"2019 May, 01",201905
20190502,02/05/2019,FY2019,FY2019 Q4,2019 May,"2019 May, 02",201905
20190503,03/05/2019,FY2019,FY2019 Q4,2019 May,"2019 May, 03",201905
20190504,04/05/2019,FY2019,FY2019 Q4,2019 May,"2019 May, 04",201905
20190505,05/05/2019,FY2019,FY2019 Q4,2019 May,"2019 May, 05",201905
20190506,06/05/2019,FY2019,FY2019 Q4,2019 May,"2019 May, 06",201905
20190507,07/05/2019,FY2019,FY2019 Q4,2019 May,"2019 May, 07",201905
20190508,08/05/2019,FY2019,FY2019 Q4,2019 May,"2019 May, 08",201905
20190509,09/05/2019,FY2019,FY2019 Q4,2019 May,"2019 May, 09",201905
20190510,10/05/2019,FY2019,FY2019 Q4,2019 May,"2019 May, 10",201905
20190511,11/05/2019,FY2019,FY2019 Q4,2019 May,"2019 May, 11",201905
20190512,12/05/2019,FY2019,FY2019 Q4,2019 May,"2019 May, 12",201905
20190513,13/05/2019,FY2019,FY2019 Q4,2019 May,"2019 May, 13",201905
20190514,14/05/2019,FY2019,FY2019 Q4,2019 May,"2019 May, 14",201905
20190515,15/05/2019,FY2019,FY2019 Q4,2019 May,"2019 May, 15",201905
20190516,16/05/2019,FY2019,FY2019 Q4,2019 May,"2019 May, 16",201905
20190517,17/05/2019,FY2019,FY2019 Q4,2019 May,"2019 May, 17",201905
20190518,18/05/2019,FY2019,FY2019 Q4,2019 May,"2019 May, 18",201905
20190519,19/05/2019,FY2019,FY2019 Q4,2019 May,"2019 May, 19",201905
20190520,20/05/2019,FY2019,FY2019 Q4,2019 May,"2019 May, 20",201905
20190521,21/05/2019,FY2019,FY2019 Q4,2019 May,"2019 May, 21",201905
20190522,22/05/2019,FY2019,FY2019 Q4,2019 May,"2019 May, 22",201905
20190523,23/05/2019,FY2019,FY2019 Q4,2019 May,"2019 May, 23",201905
20190524,24/05/2019,FY2019,FY2019 Q4,2019 May,"2019 May, 24",201905
20190525,25/05/2019,FY2019,FY2019 Q4,2019 May,"2019 May, 25",201905
20190526,26/05/2019,FY2019,FY2019 Q4,2019 May,"2019 May, 26",201905
20190527,27/05/2019,FY2019,FY2019 Q4,2019 May,"2019 May, 27",201905
20190528,28/05/2019,FY2019,FY2019 Q4,2019 May,"2019 May, 28",201905
20190529,29/05/2019,FY2019,FY2019 Q4,2019 May,"2019 May, 29",201905
20190530,30/05/2019,FY2019,FY2019 Q4,2019 May,"2019 May, 30",201905
20190531,31/05/2019,FY2019,FY2019 Q4,2019 May,"2019 May, 31",201905
20190601,01/06/2019,FY2019,FY2019 Q4,2019 Jun,"2019 Jun, 01",201906
20190602,02/06/2019,FY2019,FY2019 Q4,2019 Jun,"2019 Jun, 02",201906
20190603,03/06/2019,FY2019,FY2019 Q4,2019 Jun,"2019 Jun, 03",201906
20190604,04/06/2019,FY2019,FY2019 Q4,2019 Jun,"2019 Jun, 04",201906
20190605,05/06/2019,FY2019,FY2019 Q4,2019 Jun,"2019 Jun, 05",201906
20190606,06/06/2019,FY2019,FY2019 Q4,2019 Jun,"2019 Jun, 06",201906
20190607,07/06/2019,FY2019,FY2019 Q4,2019 Jun,"2019 Jun, 07",201906
20190608,08/06/2019,FY2019,FY2019 Q4,2019 Jun,"2019 Jun, 08",201906
20190609,09/06/2019,FY2019,FY2019 Q4,2019 Jun,"2019 Jun, 09",201906
20190610,10/06/2019,FY2019,FY2019 Q4,2019 Jun,"2019 Jun, 10",201906
20190611,11/06/2019,FY2019,FY2019 Q4,2019 Jun,"2019 Jun, 11",201906
20190612,12/06/2019,FY2019,FY2019 Q4,2019 Jun,"2019 Jun, 12",201906
20190613,13/06/2019,FY2019,FY2019 Q4,2019 Jun,"2019 Jun, 13",201906
20190614,14/06/2019,FY2019,FY2019 Q4,2019 Jun,"2019 Jun, 14",201906
20190615,15/06/2019,FY2019,FY2019 Q4,2019 Jun,"2019 Jun, 15",201906
20190616,16/06/2019,FY2019,FY2019 Q4,2019 Jun,"2019 Jun, 16",201906
20190617,17/06/2019,FY2019,FY2019 Q4,2019 Jun,"2019 Jun, 17",201906
20190618,18/06/2019,FY2019,FY2019 Q4,2019 Jun,"2019 Jun, 18",201906
20190619,19/06/2019,FY2019,FY2019 Q4,2019 Jun,"2019 Jun, 19",201906
20190620,20/06/2019,FY2019,FY2019 Q4,2019 Jun,"2019 Jun, 20",201906
20190621,21/06/2019,FY2019,FY2019 Q4,2019 Jun,"2019 Jun, 21",201906
20190622,22/06/2019,FY2019,FY2019 Q4,2019 Jun,"2019 Jun, 22",201906
20190623,23/06/2019,FY2019,FY2019 Q4,2019 Jun,"2019 Jun, 23",201906
20190624,24/06/2019,FY2019,FY2019 Q4,2019 Jun,"2019 Jun, 24",201906
20190625,25/06/2019,FY2019,FY2019 Q4,2019 Jun,"2019 Jun, 25",201906
20190626,26/06/2019,FY2019,FY2019 Q4,2019 Jun,"2019 Jun, 26",201906
20190627,27/06/2019,FY2019,FY2019 Q4,2019 Jun,"2019 Jun, 27",201906
20190628,28/06/2019,FY2019,FY2019 Q4,2019 Jun,"2019 Jun, 28",201906
20190629,29/06/2019,FY2019,FY2019 Q4,2019 Jun,"2019 Jun, 29",201906
20190630,30/06/2019,FY2019,FY2019 Q4,2019 Jun,"2019 Jun, 30",201906
20190701,01/07/2019,FY2020,FY2020 Q1,2019 Jul,"2019 Jul, 01",201907
20190702,02/07/2019,FY2020,FY2020 Q1,2019 Jul,"2019 Jul, 02",201907
20190703,03/07/2019,FY2020,FY2020 Q1,2019 Jul,"2019 Jul, 03",201907
20190704,04/07/2019,FY2020,FY2020 Q1,2019 Jul,"2019 Jul, 04",201907
20190705,05/07/2019,FY2020,FY2020 Q1,2019 Jul,"2019 Jul, 05",201907
20190706,06/07/2019,FY2020,FY2020 Q1,2019 Jul,"2019 Jul, 06",201907
20190707,07/07/2019,FY2020,FY2020 Q1,2019 Jul,"2019 Jul, 07",201907
20190708,08/07/2019,FY2020,FY2020 Q1,2019 Jul,"2019 Jul, 08",201907
20190709,09/07/2019,FY2020,FY2020 Q1,2019 Jul,"2019 Jul, 09",201907
20190710,10/07/2019,FY2020,FY2020 Q1,2019 Jul,"2019 Jul, 10",201907
20190711,11/07/2019,FY2020,FY2020 Q1,2019 Jul,"2019 Jul, 11",201907
20190712,12/07/2019,FY2020,FY2020 Q1,2019 Jul,"2019 Jul, 12",201907
20190713,13/07/2019,FY2020,FY2020 Q1,2019 Jul,"2019 Jul, 13",201907
20190714,14/07/2019,FY2020,FY2020 Q1,2019 Jul,"2019 Jul, 14",201907
20190715,15/07/2019,FY2020,FY2020 Q1,2019 Jul,"2019 Jul, 15",201907
20190716,16/07/2019,FY2020,FY2020 Q1,2019 Jul,"2019 Jul, 16",201907
20190717,17/07/2019,FY2020,FY2020 Q1,2019 Jul,"2019 Jul, 17",201907
20190718,18/07/2019,FY2020,FY2020 Q1,2019 Jul,"2019 Jul, 18",201907
20190719,19/07/2019,FY2020,FY2020 Q1,2019 Jul,"2019 Jul, 19",201907
20190720,20/07/2019,FY2020,FY2020 Q1,2019 Jul,"2019 Jul, 20",201907
20190721,21/07/2019,FY2020,FY2020 Q1,2019 Jul,"2019 Jul, 21",201907
20190722,22/07/2019,FY2020,FY2020 Q1,2019 Jul,"2019 Jul, 22",201907
20190723,23/07/2019,FY2020,FY2020 Q1,2019 Jul,"2019 Jul, 23",201907
20190724,24/07/2019,FY2020,FY2020 Q1,2019 Jul,"2019 Jul, 24",201907
20190725,25/07/2019,FY2020,FY2020 Q1,2019 Jul,"2019 Jul, 25",201907
20190726,26/07/2019,FY2020,FY2020 Q1,2019 Jul,"2019 Jul, 26",201907
20190727,27/07/2019,FY2020,FY2020 Q1,2019 Jul,"2019 Jul, 27",201907
20190728,28/07/2019,FY2020,FY2020 Q1,2019 Jul,"2019 Jul, 28",201907
20190729,29/07/2019,FY2020,FY2020 Q1,2019 Jul,"2019 Jul, 29",201907
20190730,30/07/2019,FY2020,FY2020 Q1,2019 Jul,"2019 Jul, 30",201907
20190731,31/07/2019,FY2020,FY2020 Q1,2019 Jul,"2019 Jul, 31",201907
20190801,01/08/2019,FY2020,FY2020 Q1,2019 Aug,"2019 Aug, 01",201908
20190802,02/08/2019,FY2020,FY2020 Q1,2019 Aug,"2019 Aug, 02",201908
20190803,03/08/2019,FY2020,FY2020 Q1,2019 Aug,"2019 Aug, 03",201908
20190804,04/08/2019,FY2020,FY2020 Q1,2019 Aug,"2019 Aug, 04",201908
20190805,05/08/2019,FY2020,FY2020 Q1,2019 Aug,"2019 Aug, 05",201908
20190806,06/08/2019,FY2020,FY2020 Q1,2019 Aug,"2019 Aug, 06",201908
20190807,07/08/2019,FY2020,FY2020 Q1,2019 Aug,"2019 Aug, 07",201908
20190808,08/08/2019,FY2020,FY2020 Q1,2019 Aug,"2019 Aug, 08",201908
20190809,09/08/2019,FY2020,FY2020 Q1,2019 Aug,"2019 Aug, 09",201908
20190810,10/08/2019,FY2020,FY2020 Q1,2019 Aug,"2019 Aug, 10",201908
20190811,11/08/2019,FY2020,FY2020 Q1,2019 Aug,"2019 Aug, 11",201908
20190812,12/08/2019,FY2020,FY2020 Q1,2019 Aug,"2019 Aug, 12",201908
20190813,13/08/2019,FY2020,FY2020 Q1,2019 Aug,"2019 Aug, 13",201908
20190814,14/08/2019,FY2020,FY2020 Q1,2019 Aug,"2019 Aug, 14",201908
20190815,15/08/2019,FY2020,FY2020 Q1,2019 Aug,"2019 Aug, 15",201908
20190816,16/08/2019,FY2020,FY2020 Q1,2019 Aug,"2019 Aug, 16",201908
20190817,17/08/2019,FY2020,FY2020 Q1,2019 Aug,"2019 Aug, 17",201908
20190818,18/08/2019,FY2020,FY2020 Q1,2019 Aug,"2019 Aug, 18",201908
20190819,19/08/2019,FY2020,FY2020 Q1,2019 Aug,"2019 Aug, 19",201908
20190820,20/08/2019,FY2020,FY2020 Q1,2019 Aug,"2019 Aug, 20",201908
20190821,21/08/2019,FY2020,FY2020 Q1,2019 Aug,"2019 Aug, 21",201908
20190822,22/08/2019,FY2020,FY2020 Q1,2019 Aug,"2019 Aug, 22",201908
20190823,23/08/2019,FY2020,FY2020 Q1,2019 Aug,"2019 Aug, 23",201908
20190824,24/08/2019,FY2020,FY2020 Q1,2019 Aug,"2019 Aug, 24",201908
20190825,25/08/2019,FY2020,FY2020 Q1,2019 Aug,"2019 Aug, 25",201908
20190826,26/08/2019,FY2020,FY2020 Q1,2019 Aug,"2019 Aug, 26",201908
20190827,27/08/2019,FY2020,FY2020 Q1,2019 Aug,"2019 Aug, 27",201908
20190828,28/08/2019,FY2020,FY2020 Q1,2019 Aug,"2019 Aug, 28",201908
20190829,29/08/2019,FY2020,FY2020 Q1,2019 Aug,"2019 Aug, 29",201908
20190830,30/08/2019,FY2020,FY2020 Q1,2019 Aug,"2019 Aug, 30",201908
20190831,31/08/2019,FY2020,FY2020 Q1,2019 Aug,"2019 Aug, 31",201908
20190901,01/09/2019,FY2020,FY2020 Q1,2019 Sep,"2019 Sep, 01",201909
20190902,02/09/2019,FY2020,FY2020 Q1,2019 Sep,"2019 Sep, 02",201909
20190903,03/09/2019,FY2020,FY2020 Q1,2019 Sep,"2019 Sep, 03",201909
20190904,04/09/2019,FY2020,FY2020 Q1,2019 Sep,"2019 Sep, 04",201909
20190905,05/09/2019,FY2020,FY2020 Q1,2019 Sep,"2019 Sep, 05",201909
20190906,06/09/2019,FY2020,FY2020 Q1,2019 Sep,"2019 Sep, 06",201909
20190907,07/09/2019,FY2020,FY2020 Q1,2019 Sep,"2019 Sep, 07",201909
20190908,08/09/2019,FY2020,FY2020 Q1,2019 Sep,"2019 Sep, 08",201909
20190909,09/09/2019,FY2020,FY2020 Q1,2019 Sep,"2019 Sep, 09",201909
20190910,10/09/2019,FY2020,FY2020 Q1,2019 Sep,"2019 Sep, 10",201909
20190911,11/09/2019,FY2020,FY2020 Q1,2019 Sep,"2019 Sep, 11",201909
20190912,12/09/2019,FY2020,FY2020 Q1,2019 Sep,"2019 Sep, 12",201909
20190913,13/09/2019,FY2020,FY2020 Q1,2019 Sep,"2019 Sep, 13",201909
20190914,14/09/2019,FY2020,FY2020 Q1,2019 Sep,"2019 Sep, 14",201909
20190915,15/09/2019,FY2020,FY2020 Q1,2019 Sep,"2019 Sep, 15",201909
20190916,16/09/2019,FY2020,FY2020 Q1,2019 Sep,"2019 Sep, 16",201909
20190917,17/09/2019,FY2020,FY2020 Q1,2019 Sep,"2019 Sep, 17",201909
20190918,18/09/2019,FY2020,FY2020 Q1,2019 Sep,"2019 Sep, 18",201909
20190919,19/09/2019,FY2020,FY2020 Q1,2019 Sep,"2019 Sep, 19",201909
20190920,20/09/2019,FY2020,FY2020 Q1,2019 Sep,"2019 Sep, 20",201909
20190921,21/09/2019,FY2020,FY2020 Q1,2019 Sep,"2019 Sep, 21",201909
20190922,22/09/2019,FY2020,FY2020 Q1,2019 Sep,"2019 Sep, 22",201909
20190923,23/09/2019,FY2020,FY2020 Q1,2019 Sep,"2019 Sep, 23",201909
20190924,24/09/2019,FY2020,FY2020 Q1,2019 Sep,"2019 Sep, 24",201909
20190925,25/09/2019,FY2020,FY2020 Q1,2019 Sep,"2019 Sep, 25",201909
20190926,26/09/2019,FY2020,FY2020 Q1,2019 Sep,"2019 Sep, 26",201909
20190927,27/09/2019,FY2020,FY2020 Q1,2019 Sep,"2019 Sep, 27",201909
20190928,28/09/2019,FY2020,FY2020 Q1,2019 Sep,"2019 Sep, 28",201909
20190929,29/09/2019,FY2020,FY2020 Q1,2019 Sep,"2019 Sep, 29",201909
20190930,30/09/2019,FY2020,FY2020 Q1,2019 Sep,"2019 Sep, 30",201909
20191001,01/10/2019,FY2020,FY2020 Q2,2019 Oct,"2019 Oct, 01",201910
20191002,02/10/2019,FY2020,FY2020 Q2,2019 Oct,"2019 Oct, 02",201910
20191003,03/10/2019,FY2020,FY2020 Q2,2019 Oct,"2019 Oct, 03",201910
20191004,04/10/2019,FY2020,FY2020 Q2,2019 Oct,"2019 Oct, 04",201910
20191005,05/10/2019,FY2020,FY2020 Q2,2019 Oct,"2019 Oct, 05",201910
20191006,06/10/2019,FY2020,FY2020 Q2,2019 Oct,"2019 Oct, 06",201910
20191007,07/10/2019,FY2020,FY2020 Q2,2019 Oct,"2019 Oct, 07",201910
20191008,08/10/2019,FY2020,FY2020 Q2,2019 Oct,"2019 Oct, 08",201910
20191009,09/10/2019,FY2020,FY2020 Q2,2019 Oct,"2019 Oct, 09",201910
20191010,10/10/2019,FY2020,FY2020 Q2,2019 Oct,"2019 Oct, 10",201910
20191011,11/10/2019,FY2020,FY2020 Q2,2019 Oct,"2019 Oct, 11",201910
20191012,12/10/2019,FY2020,FY2020 Q2,2019 Oct,"2019 Oct, 12",201910
20191013,13/10/2019,FY2020,FY2020 Q2,2019 Oct,"2019 Oct, 13",201910
20191014,14/10/2019,FY2020,FY2020 Q2,2019 Oct,"2019 Oct, 14",201910
20191015,15/10/2019,FY2020,FY2020 Q2,2019 Oct,"2019 Oct, 15",201910
20191016,16/10/2019,FY2020,FY2020 Q2,2019 Oct,"2019 Oct, 16",201910
20191017,17/10/2019,FY2020,FY2020 Q2,2019 Oct,"2019 Oct, 17",201910
20191018,18/10/2019,FY2020,FY2020 Q2,2019 Oct,"2019 Oct, 18",201910
20191019,19/10/2019,FY2020,FY2020 Q2,2019 Oct,"2019 Oct, 19",201910
20191020,20/10/2019,FY2020,FY2020 Q2,2019 Oct,"2019 Oct, 20",201910
20191021,21/10/2019,FY2020,FY2020 Q2,2019 Oct,"2019 Oct, 21",201910
20191022,22/10/2019,FY2020,FY2020 Q2,2019 Oct,"2019 Oct, 22",201910
20191023,23/10/2019,FY2020,FY2020 Q2,2019 Oct,"2019 Oct, 23",201910
20191024,24/10/2019,FY2020,FY2020 Q2,2019 Oct,"2019 Oct, 24",201910
20191025,25/10/2019,FY2020,FY2020 Q2,2019 Oct,"2019 Oct, 25",201910
20191026,26/10/2019,FY2020,FY2020 Q2,2019 Oct,"2019 Oct, 26",201910
20191027,27/10/2019,FY2020,FY2020 Q2,2019 Oct,"2019 Oct, 27",201910
20191028,28/10/2019,FY2020,FY2020 Q2,2019 Oct,"2019 Oct, 28",201910
20191029,29/10/2019,FY2020,FY2020 Q2,2019 Oct,"2019 Oct, 29",201910
20191030,30/10/2019,FY2020,FY2020 Q2,2019 Oct,"2019 Oct, 30",201910
20191031,31/10/2019,FY2020,FY2020 Q2,2019 Oct,"2019 Oct, 31",201910
20191101,01/11/2019,FY2020,FY2020 Q2,2019 Nov,"2019 Nov, 01",201911
20191102,02/11/2019,FY2020,FY2020 Q2,2019 Nov,"2019 Nov, 02",201911
20191103,03/11/2019,FY2020,FY2020 Q2,2019 Nov,"2019 Nov, 03",201911
20191104,04/11/2019,FY2020,FY2020 Q2,2019 Nov,"2019 Nov, 04",201911
20191105,05/11/2019,FY2020,FY2020 Q2,2019 Nov,"2019 Nov, 05",201911
20191106,06/11/2019,FY2020,FY2020 Q2,2019 Nov,"2019 Nov, 06",201911
20191107,07/11/2019,FY2020,FY2020 Q2,2019 Nov,"2019 Nov, 07",201911
20191108,08/11/2019,FY2020,FY2020 Q2,2019 Nov,"2019 Nov, 08",201911
20191109,09/11/2019,FY2020,FY2020 Q2,2019 Nov,"2019 Nov, 09",201911
20191110,10/11/2019,FY2020,FY2020 Q2,2019 Nov,"2019 Nov, 10",201911
20191111,11/11/2019,FY2020,FY2020 Q2,2019 Nov,"2019 Nov, 11",201911
20191112,12/11/2019,FY2020,FY2020 Q2,2019 Nov,"2019 Nov, 12",201911
20191113,13/11/2019,FY2020,FY2020 Q2,2019 Nov,"2019 Nov, 13",201911
20191114,14/11/2019,FY2020,FY2020 Q2,2019 Nov,"2019 Nov, 14",201911
20191115,15/11/2019,FY2020,FY2020 Q2,2019 Nov,"2019 Nov, 15",201911
20191116,16/11/2019,FY2020,FY2020 Q2,2019 Nov,"2019 Nov, 16",201911
20191117,17/11/2019,FY2020,FY2020 Q2,2019 Nov,"2019 Nov, 17",201911
20191118,18/11/2019,FY2020,FY2020 Q2,2019 Nov,"2019 Nov, 18",201911
20191119,19/11/2019,FY2020,FY2020 Q2,2019 Nov,"2019 Nov, 19",201911
20191120,20/11/2019,FY2020,FY2020 Q2,2019 Nov,"2019 Nov, 20",201911
20191121,21/11/2019,FY2020,FY2020 Q2,2019 Nov,"2019 Nov, 21",201911
20191122,22/11/2019,FY2020,FY2020 Q2,2019 Nov,"2019 Nov, 22",201911
20191123,23/11/2019,FY2020,FY2020 Q2,2019 Nov,"2019 Nov, 23",201911
20191124,24/11/2019,FY2020,FY2020 Q2,2019 Nov,"2019 Nov, 24",201911
20191125,25/11/2019,FY2020,FY2020 Q2,2019 Nov,"2019 Nov, 25",201911
20191126,26/11/2019,FY2020,FY2020 Q2,2019 Nov,"2019 Nov, 26",201911
20191127,27/11/2019,FY2020,FY2020 Q2,2019 Nov,"2019 Nov, 27",201911
20191128,28/11/2019,FY2020,FY2020 Q2,2019 Nov,"2019 Nov, 28",201911
20191129,29/11/2019,FY2020,FY2020 Q2,2019 Nov,"2019 Nov, 29",201911
20191130,30/11/2019,FY2020,FY2020 Q2,2019 Nov,"2019 Nov, 30",201911
20191201,01/12/2019,FY2020,FY2020 Q2,2019 Dec,"2019 Dec, 01",201912
20191202,02/12/2019,FY2020,FY2020 Q2,2019 Dec,"2019 Dec, 02",201912
20191203,03/12/2019,FY2020,FY2020 Q2,2019 Dec,"2019 Dec, 03",201912
20191204,04/12/2019,FY2020,FY2020 Q2,2019 Dec,"2019 Dec, 04",201912
20191205,05/12/2019,FY2020,FY2020 Q2,2019 Dec,"2019 Dec, 05",201912
20191206,06/12/2019,FY2020,FY2020 Q2,2019 Dec,"2019 Dec, 06",201912
20191207,07/12/2019,FY2020,FY2020 Q2,2019 Dec,"2019 Dec, 07",201912
20191208,08/12/2019,FY2020,FY2020 Q2,2019 Dec,"2019 Dec, 08",201912
20191209,09/12/2019,FY2020,FY2020 Q2,2019 Dec,"2019 Dec, 09",201912
20191210,10/12/2019,FY2020,FY2020 Q2,2019 Dec,"2019 Dec, 10",201912
20191211,11/12/2019,FY2020,FY2020 Q2,2019 Dec,"2019 Dec, 11",201912
20191212,12/12/2019,FY2020,FY2020 Q2,2019 Dec,"2019 Dec, 12",201912
20191213,13/12/2019,FY2020,FY2020 Q2,2019 Dec,"2019 Dec, 13",201912
20191214,14/12/2019,FY2020,FY2020 Q2,2019 Dec,"2019 Dec, 14",201912
20191215,15/12/2019,FY2020,FY2020 Q2,2019 Dec,"2019 Dec, 15",201912
20191216,16/12/2019,FY2020,FY2020 Q2,2019 Dec,"2019 Dec, 16",201912
20191217,17/12/2019,FY2020,FY2020 Q2,2019 Dec,"2019 Dec, 17",201912
20191218,18/12/2019,FY2020,FY2020 Q2,2019 Dec,"2019 Dec, 18",201912
20191219,19/12/2019,FY2020,FY2020 Q2,2019 Dec,"2019 Dec, 19",201912
20191220,20/12/2019,FY2020,FY2020 Q2,2019 Dec,"2019 Dec, 20",201912
20191221,21/12/2019,FY2020,FY2020 Q2,2019 Dec,"2019 Dec, 21",201912
20191222,22/12/2019,FY2020,FY2020 Q2,2019 Dec,"2019 Dec, 22",201912
20191223,23/12/2019,FY2020,FY2020 Q2,2019 Dec,"2019 Dec, 23",201912
20191224,24/12/2019,FY2020,FY2020 Q2,2019 Dec,"2019 Dec, 24",201912
20191225,25/12/2019,FY2020,FY2020 Q2,2019 Dec,"2019 Dec, 25",201912
20191226,26/12/2019,FY2020,FY2020 Q2,2019 Dec,"2019 Dec, 26",201912
20191227,27/12/2019,FY2020,FY2020 Q2,2019 Dec,"2019 Dec, 27",201912
20191228,28/12/2019,FY2020,FY2020 Q2,2019 Dec,"2019 Dec, 28",201912
20191229,29/12/2019,FY2020,FY2020 Q2,2019 Dec,"2019 Dec, 29",201912
20191230,30/12/2019,FY2020,FY2020 Q2,2019 Dec,"2019 Dec, 30",201912
20191231,31/12/2019,FY2020,FY2020 Q2,2019 Dec,"2019 Dec, 31",201912
20200101,01/01/2020,FY2020,FY2020 Q3,2020 Jan,"2020 Jan, 01",202001
20200102,02/01/2020,FY2020,FY2020 Q3,2020 Jan,"2020 Jan, 02",202001
20200103,03/01/2020,FY2020,FY2020 Q3,2020 Jan,"2020 Jan, 03",202001
20200104,04/01/2020,FY2020,FY2020 Q3,2020 Jan,"2020 Jan, 04",202001
20200105,05/01/2020,FY2020,FY2020 Q3,2020 Jan,"2020 Jan, 05",202001
20200106,06/01/2020,FY2020,FY2020 Q3,2020 Jan,"2020 Jan, 06",202001
20200107,07/01/2020,FY2020,FY2020 Q3,2020 Jan,"2020 Jan, 07",202001
20200108,08/01/2020,FY2020,FY2020 Q3,2020 Jan,"2020 Jan, 08",202001
20200109,09/01/2020,FY2020,FY2020 Q3,2020 Jan,"2020 Jan, 09",202001
20200110,10/01/2020,FY2020,FY2020 Q3,2020 Jan,"2020 Jan, 10",202001
20200111,11/01/2020,FY2020,FY2020 Q3,2020 Jan,"2020 Jan, 11",202001
20200112,12/01/2020,FY2020,FY2020 Q3,2020 Jan,"2020 Jan, 12",202001
20200113,13/01/2020,FY2020,FY2020 Q3,2020 Jan,"2020 Jan, 13",202001
20200114,14/01/2020,FY2020,FY2020 Q3,2020 Jan,"2020 Jan, 14",202001
20200115,15/01/2020,FY2020,FY2020 Q3,2020 Jan,"2020 Jan, 15",202001
20200116,16/01/2020,FY2020,FY2020 Q3,2020 Jan,"2020 Jan, 16",202001
20200117,17/01/2020,FY2020,FY2020 Q3,2020 Jan,"2020 Jan, 17",202001
20200118,18/01/2020,FY2020,FY2020 Q3,2020 Jan,"2020 Jan, 18",202001
20200119,19/01/2020,FY2020,FY2020 Q3,2020 Jan,"2020 Jan, 19",202001
20200120,20/01/2020,FY2020,FY2020 Q3,2020 Jan,"2020 Jan, 20",202001
20200121,21/01/2020,FY2020,FY2020 Q3,2020 Jan,"2020 Jan, 21",202001
20200122,22/01/2020,FY2020,FY2020 Q3,2020 Jan,"2020 Jan, 22",202001
20200123,23/01/2020,FY2020,FY2020 Q3,2020 Jan,"2020 Jan, 23",202001
20200124,24/01/2020,FY2020,FY2020 Q3,2020 Jan,"2020 Jan, 24",202001
20200125,25/01/2020,FY2020,FY2020 Q3,2020 Jan,"2020 Jan, 25",202001
20200126,26/01/2020,FY2020,FY2020 Q3,2020 Jan,"2020 Jan, 26",202001
20200127,27/01/2020,FY2020,FY2020 Q3,2020 Jan,"2020 Jan, 27",202001
20200128,28/01/2020,FY2020,FY2020 Q3,2020 Jan,"2020 Jan, 28",202001
20200129,29/01/2020,FY2020,FY2020 Q3,2020 Jan,"2020 Jan, 29",202001
20200130,30/01/2020,FY2020,FY2020 Q3,2020 Jan,"2020 Jan, 30",202001
20200131,31/01/2020,FY2020,FY2020 Q3,2020 Jan,"2020 Jan, 31",202001
20200201,01/02/2020,FY2020,FY2020 Q3,2020 Feb,"2020 Feb, 01",202002
20200202,02/02/2020,FY2020,FY2020 Q3,2020 Feb,"2020 Feb, 02",202002
20200203,03/02/2020,FY2020,FY2020 Q3,2020 Feb,"2020 Feb, 03",202002
20200204,04/02/2020,FY2020,FY2020 Q3,2020 Feb,"2020 Feb, 04",202002
20200205,05/02/2020,FY2020,FY2020 Q3,2020 Feb,"2020 Feb, 05",202002
20200206,06/02/2020,FY2020,FY2020 Q3,2020 Feb,"2020 Feb, 06",202002
20200207,07/02/2020,FY2020,FY2020 Q3,2020 Feb,"2020 Feb, 07",202002
20200208,08/02/2020,FY2020,FY2020 Q3,2020 Feb,"2020 Feb, 08",202002
20200209,09/02/2020,FY2020,FY2020 Q3,2020 Feb,"2020 Feb, 09",202002
20200210,10/02/2020,FY2020,FY2020 Q3,2020 Feb,"2020 Feb, 10",202002
20200211,11/02/2020,FY2020,FY2020 Q3,2020 Feb,"2020 Feb, 11",202002
20200212,12/02/2020,FY2020,FY2020 Q3,2020 Feb,"2020 Feb, 12",202002
20200213,13/02/2020,FY2020,FY2020 Q3,2020 Feb,"2020 Feb, 13",202002
20200214,14/02/2020,FY2020,FY2020 Q3,2020 Feb,"2020 Feb, 14",202002
20200215,15/02/2020,FY2020,FY2020 Q3,2020 Feb,"2020 Feb, 15",202002
20200216,16/02/2020,FY2020,FY2020 Q3,2020 Feb,"2020 Feb, 16",202002
20200217,17/02/2020,FY2020,FY2020 Q3,2020 Feb,"2020 Feb, 17",202002
20200218,18/02/2020,FY2020,FY2020 Q3,2020 Feb,"2020 Feb, 18",202002
20200219,19/02/2020,FY2020,FY2020 Q3,2020 Feb,"2020 Feb, 19",202002
20200220,20/02/2020,FY2020,FY2020 Q3,2020 Feb,"2020 Feb, 20",202002
20200221,21/02/2020,FY2020,FY2020 Q3,2020 Feb,"2020 Feb, 21",202002
20200222,22/02/2020,FY2020,FY2020 Q3,2020 Feb,"2020 Feb, 22",202002
20200223,23/02/2020,FY2020,FY2020 Q3,2020 Feb,"2020 Feb, 23",202002
20200224,24/02/2020,FY2020,FY2020 Q3,2020 Feb,"2020 Feb, 24",202002
20200225,25/02/2020,FY2020,FY2020 Q3,2020 Feb,"2020 Feb, 25",202002
20200226,26/02/2020,FY2020,FY2020 Q3,2020 Feb,"2020 Feb, 26",202002
20200227,27/02/2020,FY2020,FY2020 Q3,2020 Feb,"2020 Feb, 27",202002
20200228,28/02/2020,FY2020,FY2020 Q3,2020 Feb,"2020 Feb, 28",202002
20200229,29/02/2020,FY2020,FY2020 Q3,2020 Feb,"2020 Feb, 29",202002
20200301,01/03/2020,FY2020,FY2020 Q3,2020 Mar,"2020 Mar, 01",202003
20200302,02/03/2020,FY2020,FY2020 Q3,2020 Mar,"2020 Mar, 02",202003
20200303,03/03/2020,FY2020,FY2020 Q3,2020 Mar,"2020 Mar, 03",202003
20200304,04/03/2020,FY2020,FY2020 Q3,2020 Mar,"2020 Mar, 04",202003
20200305,05/03/2020,FY2020,FY2020 Q3,2020 Mar,"2020 Mar, 05",202003
20200306,06/03/2020,FY2020,FY2020 Q3,2020 Mar,"2020 Mar, 06",202003
20200307,07/03/2020,FY2020,FY2020 Q3,2020 Mar,"2020 Mar, 07",202003
20200308,08/03/2020,FY2020,FY2020 Q3,2020 Mar,"2020 Mar, 08",202003
20200309,09/03/2020,FY2020,FY2020 Q3,2020 Mar,"2020 Mar, 09",202003
20200310,10/03/2020,FY2020,FY2020 Q3,2020 Mar,"2020 Mar, 10",202003
20200311,11/03/2020,FY2020,FY2020 Q3,2020 Mar,"2020 Mar, 11",202003
20200312,12/03/2020,FY2020,FY2020 Q3,2020 Mar,"2020 Mar, 12",202003
20200313,13/03/2020,FY2020,FY2020 Q3,2020 Mar,"2020 Mar, 13",202003
20200314,14/03/2020,FY2020,FY2020 Q3,2020 Mar,"2020 Mar, 14",202003
20200315,15/03/2020,FY2020,FY2020 Q3,2020 Mar,"2020 Mar, 15",202003
20200316,16/03/2020,FY2020,FY2020 Q3,2020 Mar,"2020 Mar, 16",202003
20200317,17/03/2020,FY2020,FY2020 Q3,2020 Mar,"2020 Mar, 17",202003
20200318,18/03/2020,FY2020,FY2020 Q3,2020 Mar,"2020 Mar, 18",202003
20200319,19/03/2020,FY2020,FY2020 Q3,2020 Mar,"2020 Mar, 19",202003
20200320,20/03/2020,FY2020,FY2020 Q3,2020 Mar,"2020 Mar, 20",202003
20200321,21/03/2020,FY2020,FY2020 Q3,2020 Mar,"2020 Mar, 21",202003
20200322,22/03/2020,FY2020,FY2020 Q3,2020 Mar,"2020 Mar, 22",202003
20200323,23/03/2020,FY2020,FY2020 Q3,2020 Mar,"2020 Mar, 23",202003
20200324,24/03/2020,FY2020,FY2020 Q3,2020 Mar,"2020 Mar, 24",202003
20200325,25/03/2020,FY2020,FY2020 Q3,2020 Mar,"2020 Mar, 25",202003
20200326,26/03/2020,FY2020,FY2020 Q3,2020 Mar,"2020 Mar, 26",202003
20200327,27/03/2020,FY2020,FY2020 Q3,2020 Mar,"2020 Mar, 27",202003
20200328,28/03/2020,FY2020,FY2020 Q3,2020 Mar,"2020 Mar, 28",202003
20200329,29/03/2020,FY2020,FY2020 Q3,2020 Mar,"2020 Mar, 29",202003
20200330,30/03/2020,FY2020,FY2020 Q3,2020 Mar,"2020 Mar, 30",202003
20200331,31/03/2020,FY2020,FY2020 Q3,2020 Mar,"2020 Mar, 31",202003
20200401,01/04/2020,FY2020,FY2020 Q4,2020 Apr,"2020 Apr, 01",202004
20200402,02/04/2020,FY2020,FY2020 Q4,2020 Apr,"2020 Apr, 02",202004
20200403,03/04/2020,FY2020,FY2020 Q4,2020 Apr,"2020 Apr, 03",202004
20200404,04/04/2020,FY2020,FY2020 Q4,2020 Apr,"2020 Apr, 04",202004
20200405,05/04/2020,FY2020,FY2020 Q4,2020 Apr,"2020 Apr, 05",202004
20200406,06/04/2020,FY2020,FY2020 Q4,2020 Apr,"2020 Apr, 06",202004
20200407,07/04/2020,FY2020,FY2020 Q4,2020 Apr,"2020 Apr, 07",202004
20200408,08/04/2020,FY2020,FY2020 Q4,2020 Apr,"2020 Apr, 08",202004
20200409,09/04/2020,FY2020,FY2020 Q4,2020 Apr,"2020 Apr, 09",202004
20200410,10/04/2020,FY2020,FY2020 Q4,2020 Apr,"2020 Apr, 10",202004
20200411,11/04/2020,FY2020,FY2020 Q4,2020 Apr,"2020 Apr, 11",202004
20200412,12/04/2020,FY2020,FY2020 Q4,2020 Apr,"2020 Apr, 12",202004
20200413,13/04/2020,FY2020,FY2020 Q4,2020 Apr,"2020 Apr, 13",202004
20200414,14/04/2020,FY2020,FY2020 Q4,2020 Apr,"2020 Apr, 14",202004
20200415,15/04/2020,FY2020,FY2020 Q4,2020 Apr,"2020 Apr, 15",202004
20200416,16/04/2020,FY2020,FY2020 Q4,2020 Apr,"2020 Apr, 16",202004
20200417,17/04/2020,FY2020,FY2020 Q4,2020 Apr,"2020 Apr, 17",202004
20200418,18/04/2020,FY2020,FY2020 Q4,2020 Apr,"2020 Apr, 18",202004
20200419,19/04/2020,FY2020,FY2020 Q4,2020 Apr,"2020 Apr, 19",202004
20200420,20/04/2020,FY2020,FY2020 Q4,2020 Apr,"2020 Apr, 20",202004
20200421,21/04/2020,FY2020,FY2020 Q4,2020 Apr,"2020 Apr, 21",202004
20200422,22/04/2020,FY2020,FY2020 Q4,2020 Apr,"2020 Apr, 22",202004
20200423,23/04/2020,FY2020,FY2020 Q4,2020 Apr,"2020 Apr, 23",202004
20200424,24/04/2020,FY2020,FY2020 Q4,2020 Apr,"2020 Apr, 24",202004
20200425,25/04/2020,FY2020,FY2020 Q4,2020 Apr,"2020 Apr, 25",202004
20200426,26/04/2020,FY2020,FY2020 Q4,2020 Apr,"2020 Apr, 26",202004
20200427,27/04/2020,FY2020,FY2020 Q4,2020 Apr,"2020 Apr, 27",202004
20200428,28/04/2020,FY2020,FY2020 Q4,2020 Apr,"2020 Apr, 28",202004
20200429,29/04/2020,FY2020,FY2020 Q4,2020 Apr,"2020 Apr, 29",202004
20200430,30/04/2020,FY2020,FY2020 Q4,2020 Apr,"2020 Apr, 30",202004
20200501,01/05/2020,FY2020,FY2020 Q4,2020 May,"2020 May, 01",202005
20200502,02/05/2020,FY2020,FY2020 Q4,2020 May,"2020 May, 02",202005
20200503,03/05/2020,FY2020,FY2020 Q4,2020 May,"2020 May, 03",202005
20200504,04/05/2020,FY2020,FY2020 Q4,2020 May,"2020 May, 04",202005
20200505,05/05/2020,FY2020,FY2020 Q4,2020 May,"2020 May, 05",202005
20200506,06/05/2020,FY2020,FY2020 Q4,2020 May,"2020 May, 06",202005
20200507,07/05/2020,FY2020,FY2020 Q4,2020 May,"2020 May, 07",202005
20200508,08/05/2020,FY2020,FY2020 Q4,2020 May,"2020 May, 08",202005
20200509,09/05/2020,FY2020,FY2020 Q4,2020 May,"2020 May, 09",202005
20200510,10/05/2020,FY2020,FY2020 Q4,2020 May,"2020 May, 10",202005
20200511,11/05/2020,FY2020,FY2020 Q4,2020 May,"2020 May, 11",202005
20200512,12/05/2020,FY2020,FY2020 Q4,2020 May,"2020 May, 12",202005
20200513,13/05/2020,FY2020,FY2020 Q4,2020 May,"2020 May, 13",202005
20200514,14/05/2020,FY2020,FY2020 Q4,2020 May,"2020 May, 14",202005
20200515,15/05/2020,FY2020,FY2020 Q4,2020 May,"2020 May, 15",202005
20200516,16/05/2020,FY2020,FY2020 Q4,2020 May,"2020 May, 16",202005
20200517,17/05/2020,FY2020,FY2020 Q4,2020 May,"2020 May, 17",202005
20200518,18/05/2020,FY2020,FY2020 Q4,2020 May,"2020 May, 18",202005
20200519,19/05/2020,FY2020,FY2020 Q4,2020 May,"2020 May, 19",202005
20200520,20/05/2020,FY2020,FY2020 Q4,2020 May,"2020 May, 20",202005
20200521,21/05/2020,FY2020,FY2020 Q4,2020 May,"2020 May, 21",202005
20200522,22/05/2020,FY2020,FY2020 Q4,2020 May,"2020 May, 22",202005
20200523,23/05/2020,FY2020,FY2020 Q4,2020 May,"2020 May, 23",202005
20200524,24/05/2020,FY2020,FY2020 Q4,2020 May,"2020 May, 24",202005
20200525,25/05/2020,FY2020,FY2020 Q4,2020 May,"2020 May, 25",202005
20200526,26/05/2020,FY2020,FY2020 Q4,2020 May,"2020 May, 26",202005
20200527,27/05/2020,FY2020,FY2020 Q4,2020 May,"2020 May, 27",202005
20200528,28/05/2020,FY2020,FY2020 Q4,2020 May,"2020 May, 28",202005
20200529,29/05/2020,FY2020,FY2020 Q4,2020 May,"2020 May, 29",202005
20200530,30/05/2020,FY2020,FY2020 Q4,2020 May,"2020 May, 30",202005
20200531,31/05/2020,FY2020,FY2020 Q4,2020 May,"2020 May, 31",202005
20200601,01/06/2020,FY2020,FY2020 Q4,2020 Jun,"2020 Jun, 01",202006
20200602,02/06/2020,FY2020,FY2020 Q4,2020 Jun,"2020 Jun, 02",202006
20200603,03/06/2020,FY2020,FY2020 Q4,2020 Jun,"2020 Jun, 03",202006
20200604,04/06/2020,FY2020,FY2020 Q4,2020 Jun,"2020 Jun, 04",202006
20200605,05/06/2020,FY2020,FY2020 Q4,2020 Jun,"2020 Jun, 05",202006
20200606,06/06/2020,FY2020,FY2020 Q4,2020 Jun,"2020 Jun, 06",202006
20200607,07/06/2020,FY2020,FY2020 Q4,2020 Jun,"2020 Jun, 07",202006
20200608,08/06/2020,FY2020,FY2020 Q4,2020 Jun,"2020 Jun, 08",202006
20200609,09/06/2020,FY2020,FY2020 Q4,2020 Jun,"2020 Jun, 09",202006
20200610,10/06/2020,FY2020,FY2020 Q4,2020 Jun,"2020 Jun, 10",202006
20200611,11/06/2020,FY2020,FY2020 Q4,2020 Jun,"2020 Jun, 11",202006
20200612,12/06/2020,FY2020,FY2020 Q4,2020 Jun,"2020 Jun, 12",202006
20200613,13/06/2020,FY2020,FY2020 Q4,2020 Jun,"2020 Jun, 13",202006
20200614,14/06/2020,FY2020,FY2020 Q4,2020 Jun,"2020 Jun, 14",202006
20200615,15/06/2020,FY2020,FY2020 Q4,2020 Jun,"2020 Jun, 15",202006
20200616,16/06/2020,FY2020,FY2020 Q4,2020 Jun,"2020 Jun, 16",202006
20200617,17/06/2020,FY2020,FY2020 Q4,2020 Jun,"2020 Jun, 17",202006
20200618,18/06/2020,FY2020,FY2020 Q4,2020 Jun,"2020 Jun, 18",202006
20200619,19/06/2020,FY2020,FY2020 Q4,2020 Jun,"2020 Jun, 19",202006
20200620,20/06/2020,FY2020,FY2020 Q4,2020 Jun,"2020 Jun, 20",202006
20200621,21/06/2020,FY2020,FY2020 Q4,2020 Jun,"2020 Jun, 21",202006
20200622,22/06/2020,FY2020,FY2020 Q4,2020 Jun,"2020 Jun, 22",202006
20200623,23/06/2020,FY2020,FY2020 Q4,2020 Jun,"2020 Jun, 23",202006
20200624,24/06/2020,FY2020,FY2020 Q4,2020 Jun,"2020 Jun, 24",202006
20200625,25/06/2020,FY2020,FY2020 Q4,2020 Jun,"2020 Jun, 25",202006
20200626,26/06/2020,FY2020,FY2020 Q4,2020 Jun,"2020 Jun, 26",202006
20200627,27/06/2020,FY2020,FY2020 Q4,2020 Jun,"2020 Jun, 27",202006
20200628,28/06/2020,FY2020,FY2020 Q4,2020 Jun,"2020 Jun, 28",202006
20200629,29/06/2020,FY2020,FY2020 Q4,2020 Jun,"2020 Jun, 29",202006
20200630,30/06/2020,FY2020,FY2020 Q4,2020 Jun,"2020 Jun, 30",202006
20200701,01/07/2020,FY2021,FY2021 Q1,2020 Jul,"2020 Jul, 01",202007
20200702,02/07/2020,FY2021,FY2021 Q1,2020 Jul,"2020 Jul, 02",202007
20200703,03/07/2020,FY2021,FY2021 Q1,2020 Jul,"2020 Jul, 03",202007
20200704,04/07/2020,FY2021,FY2021 Q1,2020 Jul,"2020 Jul, 04",202007
20200705,05/07/2020,FY2021,FY2021 Q1,2020 Jul,"2020 Jul, 05",202007
20200706,06/07/2020,FY2021,FY2021 Q1,2020 Jul,"2020 Jul, 06",202007
20200707,07/07/2020,FY2021,FY2021 Q1,2020 Jul,"2020 Jul, 07",202007
20200708,08/07/2020,FY2021,FY2021 Q1,2020 Jul,"2020 Jul, 08",202007
20200709,09/07/2020,FY2021,FY2021 Q1,2020 Jul,"2020 Jul, 09",202007
20200710,10/07/2020,FY2021,FY2021 Q1,2020 Jul,"2020 Jul, 10",202007
20200711,11/07/2020,FY2021,FY2021 Q1,2020 Jul,"2020 Jul, 11",202007
20200712,12/07/2020,FY2021,FY2021 Q1,2020 Jul,"2020 Jul, 12",202007
20200713,13/07/2020,FY2021,FY2021 Q1,2020 Jul,"2020 Jul, 13",202007
20200714,14/07/2020,FY2021,FY2021 Q1,2020 Jul,"2020 Jul, 14",202007
20200715,15/07/2020,FY2021,FY2021 Q1,2020 Jul,"2020 Jul, 15",202007
20200716,16/07/2020,FY2021,FY2021 Q1,2020 Jul,"2020 Jul, 16",202007
20200717,17/07/2020,FY2021,FY2021 Q1,2020 Jul,"2020 Jul, 17",202007
20200718,18/07/2020,FY2021,FY2021 Q1,2020 Jul,"2020 Jul, 18",202007
20200719,19/07/2020,FY2021,FY2021 Q1,2020 Jul,"2020 Jul, 19",202007
20200720,20/07/2020,FY2021,FY2021 Q1,2020 Jul,"2020 Jul, 20",202007
20200721,21/07/2020,FY2021,FY2021 Q1,2020 Jul,"2020 Jul, 21",202007
20200722,22/07/2020,FY2021,FY2021 Q1,2020 Jul,"2020 Jul, 22",202007
20200723,23/07/2020,FY2021,FY2021 Q1,2020 Jul,"2020 Jul, 23",202007
20200724,24/07/2020,FY2021,FY2021 Q1,2020 Jul,"2020 Jul, 24",202007
20200725,25/07/2020,FY2021,FY2021 Q1,2020 Jul,"2020 Jul, 25",202007
20200726,26/07/2020,FY2021,FY2021 Q1,2020 Jul,"2020 Jul, 26",202007
20200727,27/07/2020,FY2021,FY2021 Q1,2020 Jul,"2020 Jul, 27",202007
20200728,28/07/2020,FY2021,FY2021 Q1,2020 Jul,"2020 Jul, 28",202007
20200729,29/07/2020,FY2021,FY2021 Q1,2020 Jul,"2020 Jul, 29",202007
20200730,30/07/2020,FY2021,FY2021 Q1,2020 Jul,"2020 Jul, 30",202007
20200731,31/07/2020,FY2021,FY2021 Q1,2020 Jul,"2020 Jul, 31",202007
20200801,01/08/2020,FY2021,FY2021 Q1,2020 Aug,"2020 Aug, 01",202008
20200802,02/08/2020,FY2021,FY2021 Q1,2020 Aug,"2020 Aug, 02",202008
20200803,03/08/2020,FY2021,FY2021 Q1,2020 Aug,"2020 Aug, 03",202008
20200804,04/08/2020,FY2021,FY2021 Q1,2020 Aug,"2020 Aug, 04",202008
20200805,05/08/2020,FY2021,FY2021 Q1,2020 Aug,"2020 Aug, 05",202008
20200806,06/08/2020,FY2021,FY2021 Q1,2020 Aug,"2020 Aug, 06",202008
20200807,07/08/2020,FY2021,FY2021 Q1,2020 Aug,"2020 Aug, 07",202008
20200808,08/08/2020,FY2021,FY2021 Q1,2020 Aug,"2020 Aug, 08",202008
20200809,09/08/2020,FY2021,FY2021 Q1,2020 Aug,"2020 Aug, 09",202008
20200810,10/08/2020,FY2021,FY2021 Q1,2020 Aug,"2020 Aug, 10",202008
20200811,11/08/2020,FY2021,FY2021 Q1,2020 Aug,"2020 Aug, 11",202008
20200812,12/08/2020,FY2021,FY2021 Q1,2020 Aug,"2020 Aug, 12",202008
20200813,13/08/2020,FY2021,FY2021 Q1,2020 Aug,"2020 Aug, 13",202008
20200814,14/08/2020,FY2021,FY2021 Q1,2020 Aug,"2020 Aug, 14",202008
20200815,15/08/2020,FY2021,FY2021 Q1,2020 Aug,"2020 Aug, 15",202008
20200816,16/08/2020,FY2021,FY2021 Q1,2020 Aug,"2020 Aug, 16",202008
20200817,17/08/2020,FY2021,FY2021 Q1,2020 Aug,"2020 Aug, 17",202008
20200818,18/08/2020,FY2021,FY2021 Q1,2020 Aug,"2020 Aug, 18",202008
20200819,19/08/2020,FY2021,FY2021 Q1,2020 Aug,"2020 Aug, 19",202008
20200820,20/08/2020,FY2021,FY2021 Q1,2020 Aug,"2020 Aug, 20",202008
20200821,21/08/2020,FY2021,FY2021 Q1,2020 Aug,"2020 Aug, 21",202008
20200822,22/08/2020,FY2021,FY2021 Q1,2020 Aug,"2020 Aug, 22",202008
20200823,23/08/2020,FY2021,FY2021 Q1,2020 Aug,"2020 Aug, 23",202008
20200824,24/08/2020,FY2021,FY2021 Q1,2020 Aug,"2020 Aug, 24",202008
20200825,25/08/2020,FY2021,FY2021 Q1,2020 Aug,"2020 Aug, 25",202008
20200826,26/08/2020,FY2021,FY2021 Q1,2020 Aug,"2020 Aug, 26",202008
20200827,27/08/2020,FY2021,FY2021 Q1,2020 Aug,"2020 Aug, 27",202008
20200828,28/08/2020,FY2021,FY2021 Q1,2020 Aug,"2020 Aug, 28",202008
20200829,29/08/2020,FY2021,FY2021 Q1,2020 Aug,"2020 Aug, 29",202008
20200830,30/08/2020,FY2021,FY2021 Q1,2020 Aug,"2020 Aug, 30",202008
20200831,31/08/2020,FY2021,FY2021 Q1,2020 Aug,"2020 Aug, 31",202008
20200901,01/09/2020,FY2021,FY2021 Q1,2020 Sep,"2020 Sep, 01",202009
20200902,02/09/2020,FY2021,FY2021 Q1,2020 Sep,"2020 Sep, 02",202009
20200903,03/09/2020,FY2021,FY2021 Q1,2020 Sep,"2020 Sep, 03",202009
20200904,04/09/2020,FY2021,FY2021 Q1,2020 Sep,"2020 Sep, 04",202009
20200905,05/09/2020,FY2021,FY2021 Q1,2020 Sep,"2020 Sep, 05",202009
20200906,06/09/2020,FY2021,FY2021 Q1,2020 Sep,"2020 Sep, 06",202009
20200907,07/09/2020,FY2021,FY2021 Q1,2020 Sep,"2020 Sep, 07",202009
20200908,08/09/2020,FY2021,FY2021 Q1,2020 Sep,"2020 Sep, 08",202009
20200909,09/09/2020,FY2021,FY2021 Q1,2020 Sep,"2020 Sep, 09",202009
20200910,10/09/2020,FY2021,FY2021 Q1,2020 Sep,"2020 Sep, 10",202009
20200911,11/09/2020,FY2021,FY2021 Q1,2020 Sep,"2020 Sep, 11",202009
20200912,12/09/2020,FY2021,FY2021 Q1,2020 Sep,"2020 Sep, 12",202009
20200913,13/09/2020,FY2021,FY2021 Q1,2020 Sep,"2020 Sep, 13",202009
20200914,14/09/2020,FY2021,FY2021 Q1,2020 Sep,"2020 Sep, 14",202009
20200915,15/09/2020,FY2021,FY2021 Q1,2020 Sep,"2020 Sep, 15",202009
20200916,16/09/2020,FY2021,FY2021 Q1,2020 Sep,"2020 Sep, 16",202009
20200917,17/09/2020,FY2021,FY2021 Q1,2020 Sep,"2020 Sep, 17",202009
20200918,18/09/2020,FY2021,FY2021 Q1,2020 Sep,"2020 Sep, 18",202009
20200919,19/09/2020,FY2021,FY2021 Q1,2020 Sep,"2020 Sep, 19",202009
20200920,20/09/2020,FY2021,FY2021 Q1,2020 Sep,"2020 Sep, 20",202009
20200921,21/09/2020,FY2021,FY2021 Q1,2020 Sep,"2020 Sep, 21",202009
20200922,22/09/2020,FY2021,FY2021 Q1,2020 Sep,"2020 Sep, 22",202009
20200923,23/09/2020,FY2021,FY2021 Q1,2020 Sep,"2020 Sep, 23",202009
20200924,24/09/2020,FY2021,FY2021 Q1,2020 Sep,"2020 Sep, 24",202009
20200925,25/09/2020,FY2021,FY2021 Q1,2020 Sep,"2020 Sep, 25",202009
20200926,26/09/2020,FY2021,FY2021 Q1,2020 Sep,"2020 Sep, 26",202009
20200927,27/09/2020,FY2021,FY2021 Q1,2020 Sep,"2020 Sep, 27",202009
20200928,28/09/2020,FY2021,FY2021 Q1,2020 Sep,"2020 Sep, 28",202009
20200929,29/09/2020,FY2021,FY2021 Q1,2020 Sep,"2020 Sep, 29",202009
20200930,30/09/2020,FY2021,FY2021 Q1,2020 Sep,"2020 Sep, 30",202009
20201001,01/10/2020,FY2021,FY2021 Q2,2020 Oct,"2020 Oct, 01",202010
20201002,02/10/2020,FY2021,FY2021 Q2,2020 Oct,"2020 Oct, 02",202010
20201003,03/10/2020,FY2021,FY2021 Q2,2020 Oct,"2020 Oct, 03",202010
20201004,04/10/2020,FY2021,FY2021 Q2,2020 Oct,"2020 Oct, 04",202010
20201005,05/10/2020,FY2021,FY2021 Q2,2020 Oct,"2020 Oct, 05",202010
20201006,06/10/2020,FY2021,FY2021 Q2,2020 Oct,"2020 Oct, 06",202010
20201007,07/10/2020,FY2021,FY2021 Q2,2020 Oct,"2020 Oct, 07",202010
20201008,08/10/2020,FY2021,FY2021 Q2,2020 Oct,"2020 Oct, 08",202010
20201009,09/10/2020,FY2021,FY2021 Q2,2020 Oct,"2020 Oct, 09",202010
20201010,10/10/2020,FY2021,FY2021 Q2,2020 Oct,"2020 Oct, 10",202010
20201011,11/10/2020,FY2021,FY2021 Q2,2020 Oct,"2020 Oct, 11",202010
20201012,12/10/2020,FY2021,FY2021 Q2,2020 Oct,"2020 Oct, 12",202010
20201013,13/10/2020,FY2021,FY2021 Q2,2020 Oct,"2020 Oct, 13",202010
20201014,14/10/2020,FY2021,FY2021 Q2,2020 Oct,"2020 Oct, 14",202010
20201015,15/10/2020,FY2021,FY2021 Q2,2020 Oct,"2020 Oct, 15",202010
20201016,16/10/2020,FY2021,FY2021 Q2,2020 Oct,"2020 Oct, 16",202010
20201017,17/10/2020,FY2021,FY2021 Q2,2020 Oct,"2020 Oct, 17",202010
20201018,18/10/2020,FY2021,FY2021 Q2,2020 Oct,"2020 Oct, 18",202010
20201019,19/10/2020,FY2021,FY2021 Q2,2020 Oct,"2020 Oct, 19",202010
20201020,20/10/2020,FY2021,FY2021 Q2,2020 Oct,"2020 Oct, 20",202010
20201021,21/10/2020,FY2021,FY2021 Q2,2020 Oct,"2020 Oct, 21",202010
20201022,22/10/2020,FY2021,FY2021 Q2,2020 Oct,"2020 Oct, 22",202010
20201023,23/10/2020,FY2021,FY2021 Q2,2020 Oct,"2020 Oct, 23",202010
20201024,24/10/2020,FY2021,FY2021 Q2,2020 Oct,"2020 Oct, 24",202010
20201025,25/10/2020,FY2021,FY2021 Q2,2020 Oct,"2020 Oct, 25",202010
20201026,26/10/2020,FY2021,FY2021 Q2,2020 Oct,"2020 Oct, 26",202010
20201027,27/10/2020,FY2021,FY2021 Q2,2020 Oct,"2020 Oct, 27",202010
20201028,28/10/2020,FY2021,FY2021 Q2,2020 Oct,"2020 Oct, 28",202010
20201029,29/10/2020,FY2021,FY2021 Q2,2020 Oct,"2020 Oct, 29",202010
20201030,30/10/2020,FY2021,FY2021 Q2,2020 Oct,"2020 Oct, 30",202010
20201031,31/10/2020,FY2021,FY2021 Q2,2020 Oct,"2020 Oct, 31",202010
20201101,01/11/2020,FY2021,FY2021 Q2,2020 Nov,"2020 Nov, 01",202011
20201102,02/11/2020,FY2021,FY2021 Q2,2020 Nov,"2020 Nov, 02",202011
20201103,03/11/2020,FY2021,FY2021 Q2,2020 Nov,"2020 Nov, 03",202011
20201104,04/11/2020,FY2021,FY2021 Q2,2020 Nov,"2020 Nov, 04",202011
20201105,05/11/2020,FY2021,FY2021 Q2,2020 Nov,"2020 Nov, 05",202011
20201106,06/11/2020,FY2021,FY2021 Q2,2020 Nov,"2020 Nov, 06",202011
20201107,07/11/2020,FY2021,FY2021 Q2,2020 Nov,"2020 Nov, 07",202011
20201108,08/11/2020,FY2021,FY2021 Q2,2020 Nov,"2020 Nov, 08",202011
20201109,09/11/2020,FY2021,FY2021 Q2,2020 Nov,"2020 Nov, 09",202011
20201110,10/11/2020,FY2021,FY2021 Q2,2020 Nov,"2020 Nov, 10",202011
20201111,11/11/2020,FY2021,FY2021 Q2,2020 Nov,"2020 Nov, 11",202011
20201112,12/11/2020,FY2021,FY2021 Q2,2020 Nov,"2020 Nov, 12",202011
20201113,13/11/2020,FY2021,FY2021 Q2,2020 Nov,"2020 Nov, 13",202011
20201114,14/11/2020,FY2021,FY2021 Q2,2020 Nov,"2020 Nov, 14",202011
20201115,15/11/2020,FY2021,FY2021 Q2,2020 Nov,"2020 Nov, 15",202011
20201116,16/11/2020,FY2021,FY2021 Q2,2020 Nov,"2020 Nov, 16",202011
20201117,17/11/2020,FY2021,FY2021 Q2,2020 Nov,"2020 Nov, 17",202011
20201118,18/11/2020,FY2021,FY2021 Q2,2020 Nov,"2020 Nov, 18",202011
20201119,19/11/2020,FY2021,FY2021 Q2,2020 Nov,"2020 Nov, 19",202011
20201120,20/11/2020,FY2021,FY2021 Q2,2020 Nov,"2020 Nov, 20",202011
20201121,21/11/2020,FY2021,FY2021 Q2,2020 Nov,"2020 Nov, 21",202011
20201122,22/11/2020,FY2021,FY2021 Q2,2020 Nov,"2020 Nov, 22",202011
20201123,23/11/2020,FY2021,FY2021 Q2,2020 Nov,"2020 Nov, 23",202011
20201124,24/11/2020,FY2021,FY2021 Q2,2020 Nov,"2020 Nov, 24",202011
20201125,25/11/2020,FY2021,FY2021 Q2,2020 Nov,"2020 Nov, 25",202011
20201126,26/11/2020,FY2021,FY2021 Q2,2020 Nov,"2020 Nov, 26",202011
20201127,27/11/2020,FY2021,FY2021 Q2,2020 Nov,"2020 Nov, 27",202011
20201128,28/11/2020,FY2021,FY2021 Q2,2020 Nov,"2020 Nov, 28",202011
20201129,29/11/2020,FY2021,FY2021 Q2,2020 Nov,"2020 Nov, 29",202011
20201130,30/11/2020,FY2021,FY2021 Q2,2020 Nov,"2020 Nov, 30",202011
20201201,01/12/2020,FY2021,FY2021 Q2,2020 Dec,"2020 Dec, 01",202012
20201202,02/12/2020,FY2021,FY2021 Q2,2020 Dec,"2020 Dec, 02",202012
20201203,03/12/2020,FY2021,FY2021 Q2,2020 Dec,"2020 Dec, 03",202012
20201204,04/12/2020,FY2021,FY2021 Q2,2020 Dec,"2020 Dec, 04",202012
20201205,05/12/2020,FY2021,FY2021 Q2,2020 Dec,"2020 Dec, 05",202012
20201206,06/12/2020,FY2021,FY2021 Q2,2020 Dec,"2020 Dec, 06",202012
20201207,07/12/2020,FY2021,FY2021 Q2,2020 Dec,"2020 Dec, 07",202012
20201208,08/12/2020,FY2021,FY2021 Q2,2020 Dec,"2020 Dec, 08",202012
20201209,09/12/2020,FY2021,FY2021 Q2,2020 Dec,"2020 Dec, 09",202012
20201210,10/12/2020,FY2021,FY2021 Q2,2020 Dec,"2020 Dec, 10",202012
20201211,11/12/2020,FY2021,FY2021 Q2,2020 Dec,"2020 Dec, 11",202012
20201212,12/12/2020,FY2021,FY2021 Q2,2020 Dec,"2020 Dec, 12",202012
20201213,13/12/2020,FY2021,FY2021 Q2,2020 Dec,"2020 Dec, 13",202012
20201214,14/12/2020,FY2021,FY2021 Q2,2020 Dec,"2020 Dec, 14",202012
20201215,15/12/2020,FY2021,FY2021 Q2,2020 Dec,"2020 Dec, 15",202012
20201216,16/12/2020,FY2021,FY2021 Q2,2020 Dec,"2020 Dec, 16",202012
20201217,17/12/2020,FY2021,FY2021 Q2,2020 Dec,"2020 Dec, 17",202012
20201218,18/12/2020,FY2021,FY2021 Q2,2020 Dec,"2020 Dec, 18",202012
20201219,19/12/2020,FY2021,FY2021 Q2,2020 Dec,"2020 Dec, 19",202012
20201220,20/12/2020,FY2021,FY2021 Q2,2020 Dec,"2020 Dec, 20",202012
20201221,21/12/2020,FY2021,FY2021 Q2,2020 Dec,"2020 Dec, 21",202012
20201222,22/12/2020,FY2021,FY2021 Q2,2020 Dec,"2020 Dec, 22",202012
20201223,23/12/2020,FY2021,FY2021 Q2,2020 Dec,"2020 Dec, 23",202012
20201224,24/12/2020,FY2021,FY2021 Q2,2020 Dec,"2020 Dec, 24",202012
20201225,25/12/2020,FY2021,FY2021 Q2,2020 Dec,"2020 Dec, 25",202012
20201226,26/12/2020,FY2021,FY2021 Q2,2020 Dec,"2020 Dec, 26",202012
20201227,27/12/2020,FY2021,FY2021 Q2,2020 Dec,"2020 Dec, 27",202012
20201228,28/12/2020,FY2021,FY2021 Q2,2020 Dec,"2020 Dec, 28",202012
20201229,29/12/2020,FY2021,FY2021 Q2,2020 Dec,"2020 Dec, 29",202012
20201230,30/12/2020,FY2021,FY2021 Q2,2020 Dec,"2020 Dec, 30",202012
20201231,31/12/2020,FY2021,FY2021 Q2,2020 Dec,"2020 Dec, 31",202012
20210101,01/01/2021,FY2021,FY2021 Q3,2021 Jan,"2021 Jan, 01",202101
20210102,02/01/2021,FY2021,FY2021 Q3,2021 Jan,"2021 Jan, 02",202101
20210103,03/01/2021,FY2021,FY2021 Q3,2021 Jan,"2021 Jan, 03",202101
20210104,04/01/2021,FY2021,FY2021 Q3,2021 Jan,"2021 Jan, 04",202101
20210105,05/01/2021,FY2021,FY2021 Q3,2021 Jan,"2021 Jan, 05",202101
20210106,06/01/2021,FY2021,FY2021 Q3,2021 Jan,"2021 Jan, 06",202101
20210107,07/01/2021,FY2021,FY2021 Q3,2021 Jan,"2021 Jan, 07",202101
20210108,08/01/2021,FY2021,FY2021 Q3,2021 Jan,"2021 Jan, 08",202101
20210109,09/01/2021,FY2021,FY2021 Q3,2021 Jan,"2021 Jan, 09",202101
20210110,10/01/2021,FY2021,FY2021 Q3,2021 Jan,"2021 Jan, 10",202101
20210111,11/01/2021,FY2021,FY2021 Q3,2021 Jan,"2021 Jan, 11",202101
20210112,12/01/2021,FY2021,FY2021 Q3,2021 Jan,"2021 Jan, 12",202101
20210113,13/01/2021,FY2021,FY2021 Q3,2021 Jan,"2021 Jan, 13",202101
20210114,14/01/2021,FY2021,FY2021 Q3,2021 Jan,"2021 Jan, 14",202101
20210115,15/01/2021,FY2021,FY2021 Q3,2021 Jan,"2021 Jan, 15",202101
20210116,16/01/2021,FY2021,FY2021 Q3,2021 Jan,"2021 Jan, 16",202101
20210117,17/01/2021,FY2021,FY2021 Q3,2021 Jan,"2021 Jan, 17",202101
20210118,18/01/2021,FY2021,FY2021 Q3,2021 Jan,"2021 Jan, 18",202101
20210119,19/01/2021,FY2021,FY2021 Q3,2021 Jan,"2021 Jan, 19",202101
20210120,20/01/2021,FY2021,FY2021 Q3,2021 Jan,"2021 Jan, 20",202101
20210121,21/01/2021,FY2021,FY2021 Q3,2021 Jan,"2021 Jan, 21",202101
20210122,22/01/2021,FY2021,FY2021 Q3,2021 Jan,"2021 Jan, 22",202101
20210123,23/01/2021,FY2021,FY2021 Q3,2021 Jan,"2021 Jan, 23",202101
20210124,24/01/2021,FY2021,FY2021 Q3,2021 Jan,"2021 Jan, 24",202101
20210125,25/01/2021,FY2021,FY2021 Q3,2021 Jan,"2021 Jan, 25",202101
20210126,26/01/2021,FY2021,FY2021 Q3,2021 Jan,"2021 Jan, 26",202101
20210127,27/01/2021,FY2021,FY2021 Q3,2021 Jan,"2021 Jan, 27",202101
20210128,28/01/2021,FY2021,FY2021 Q3,2021 Jan,"2021 Jan, 28",202101
20210129,29/01/2021,FY2021,FY2021 Q3,2021 Jan,"2021 Jan, 29",202101
20210130,30/01/2021,FY2021,FY2021 Q3,2021 Jan,"2021 Jan, 30",202101
20210131,31/01/2021,FY2021,FY2021 Q3,2021 Jan,"2021 Jan, 31",202101
20210201,01/02/2021,FY2021,FY2021 Q3,2021 Feb,"2021 Feb, 01",202102
20210202,02/02/2021,FY2021,FY2021 Q3,2021 Feb,"2021 Feb, 02",202102
20210203,03/02/2021,FY2021,FY2021 Q3,2021 Feb,"2021 Feb, 03",202102
20210204,04/02/2021,FY2021,FY2021 Q3,2021 Feb,"2021 Feb, 04",202102
20210205,05/02/2021,FY2021,FY2021 Q3,2021 Feb,"2021 Feb, 05",202102
20210206,06/02/2021,FY2021,FY2021 Q3,2021 Feb,"2021 Feb, 06",202102
20210207,07/02/2021,FY2021,FY2021 Q3,2021 Feb,"2021 Feb, 07",202102
20210208,08/02/2021,FY2021,FY2021 Q3,2021 Feb,"2021 Feb, 08",202102
20210209,09/02/2021,FY2021,FY2021 Q3,2021 Feb,"2021 Feb, 09",202102
20210210,10/02/2021,FY2021,FY2021 Q3,2021 Feb,"2021 Feb, 10",202102
20210211,11/02/2021,FY2021,FY2021 Q3,2021 Feb,"2021 Feb, 11",202102
20210212,12/02/2021,FY2021,FY2021 Q3,2021 Feb,"2021 Feb, 12",202102
20210213,13/02/2021,FY2021,FY2021 Q3,2021 Feb,"2021 Feb, 13",202102
20210214,14/02/2021,FY2021,FY2021 Q3,2021 Feb,"2021 Feb, 14",202102
20210215,15/02/2021,FY2021,FY2021 Q3,2021 Feb,"2021 Feb, 15",202102
20210216,16/02/2021,FY2021,FY2021 Q3,2021 Feb,"2021 Feb, 16",202102
20210217,17/02/2021,FY2021,FY2021 Q3,2021 Feb,"2021 Feb, 17",202102
20210218,18/02/2021,FY2021,FY2021 Q3,2021 Feb,"2021 Feb, 18",202102
20210219,19/02/2021,FY2021,FY2021 Q3,2021 Feb,"2021 Feb, 19",202102
20210220,20/02/2021,FY2021,FY2021 Q3,2021 Feb,"2021 Feb, 20",202102
20210221,21/02/2021,FY2021,FY2021 Q3,2021 Feb,"2021 Feb, 21",202102
20210222,22/02/2021,FY2021,FY2021 Q3,2021 Feb,"2021 Feb, 22",202102
20210223,23/02/2021,FY2021,FY2021 Q3,2021 Feb,"2021 Feb, 23",202102
20210224,24/02/2021,FY2021,FY2021 Q3,2021 Feb,"2021 Feb, 24",202102
20210225,25/02/2021,FY2021,FY2021 Q3,2021 Feb,"2021 Feb, 25",202102
20210226,26/02/2021,FY2021,FY2021 Q3,2021 Feb,"2021 Feb, 26",202102
20210227,27/02/2021,FY2021,FY2021 Q3,2021 Feb,"2021 Feb, 27",202102
20210228,28/02/2021,FY2021,FY2021 Q3,2021 Feb,"2021 Feb, 28",202102
20210301,01/03/2021,FY2021,FY2021 Q3,2021 Mar,"2021 Mar, 01",202103
20210302,02/03/2021,FY2021,FY2021 Q3,2021 Mar,"2021 Mar, 02",202103
20210303,03/03/2021,FY2021,FY2021 Q3,2021 Mar,"2021 Mar, 03",202103
20210304,04/03/2021,FY2021,FY2021 Q3,2021 Mar,"2021 Mar, 04",202103
20210305,05/03/2021,FY2021,FY2021 Q3,2021 Mar,"2021 Mar, 05",202103
20210306,06/03/2021,FY2021,FY2021 Q3,2021 Mar,"2021 Mar, 06",202103
20210307,07/03/2021,FY2021,FY2021 Q3,2021 Mar,"2021 Mar, 07",202103
20210308,08/03/2021,FY2021,FY2021 Q3,2021 Mar,"2021 Mar, 08",202103
20210309,09/03/2021,FY2021,FY2021 Q3,2021 Mar,"2021 Mar, 09",202103
20210310,10/03/2021,FY2021,FY2021 Q3,2021 Mar,"2021 Mar, 10",202103
20210311,11/03/2021,FY2021,FY2021 Q3,2021 Mar,"2021 Mar, 11",202103
20210312,12/03/2021,FY2021,FY2021 Q3,2021 Mar,"2021 Mar, 12",202103
20210313,13/03/2021,FY2021,FY2021 Q3,2021 Mar,"2021 Mar, 13",202103
20210314,14/03/2021,FY2021,FY2021 Q3,2021 Mar,"2021 Mar, 14",202103
20210315,15/03/2021,FY2021,FY2021 Q3,2021 Mar,"2021 Mar, 15",202103
20210316,16/03/2021,FY2021,FY2021 Q3,2021 Mar,"2021 Mar, 16",202103
20210317,17/03/2021,FY2021,FY2021 Q3,2021 Mar,"2021 Mar, 17",202103
20210318,18/03/2021,FY2021,FY2021 Q3,2021 Mar,"2021 Mar, 18",202103
20210319,19/03/2021,FY2021,FY2021 Q3,2021 Mar,"2021 Mar, 19",202103
20210320,20/03/2021,FY2021,FY2021 Q3,2021 Mar,"2021 Mar, 20",202103
20210321,21/03/2021,FY2021,FY2021 Q3,2021 Mar,"2021 Mar, 21",202103
20210322,22/03/2021,FY2021,FY2021 Q3,2021 Mar,"2021 Mar, 22",202103
20210323,23/03/2021,FY2021,FY2021 Q3,2021 Mar,"2021 Mar, 23",202103
20210324,24/03/2021,FY2021,FY2021 Q3,2021 Mar,"2021 Mar, 24",202103
20210325,25/03/2021,FY2021,FY2021 Q3,2021 Mar,"2021 Mar, 25",202103
20210326,26/03/2021,FY2021,FY2021 Q3,2021 Mar,"2021 Mar, 26",202103
20210327,27/03/2021,FY2021,FY2021 Q3,2021 Mar,"2021 Mar, 27",202103
20210328,28/03/2021,FY2021,FY2021 Q3,2021 Mar,"2021 Mar, 28",202103
20210329,29/03/2021,FY2021,FY2021 Q3,2021 Mar,"2021 Mar, 29",202103
20210330,30/03/2021,FY2021,FY2021 Q3,2021 Mar,"2021 Mar, 30",202103
20210331,31/03/2021,FY2021,FY2021 Q3,2021 Mar,"2021 Mar, 31",202103
20210401,01/04/2021,FY2021,FY2021 Q4,2021 Apr,"2021 Apr, 01",202104
20210402,02/04/2021,FY2021,FY2021 Q4,2021 Apr,"2021 Apr, 02",202104
20210403,03/04/2021,FY2021,FY2021 Q4,2021 Apr,"2021 Apr, 03",202104
20210404,04/04/2021,FY2021,FY2021 Q4,2021 Apr,"2021 Apr, 04",202104
20210405,05/04/2021,FY2021,FY2021 Q4,2021 Apr,"2021 Apr, 05",202104
20210406,06/04/2021,FY2021,FY2021 Q4,2021 Apr,"2021 Apr, 06",202104
20210407,07/04/2021,FY2021,FY2021 Q4,2021 Apr,"2021 Apr, 07",202104
20210408,08/04/2021,FY2021,FY2021 Q4,2021 Apr,"2021 Apr, 08",202104
20210409,09/04/2021,FY2021,FY2021 Q4,2021 Apr,"2021 Apr, 09",202104
20210410,10/04/2021,FY2021,FY2021 Q4,2021 Apr,"2021 Apr, 10",202104
20210411,11/04/2021,FY2021,FY2021 Q4,2021 Apr,"2021 Apr, 11",202104
20210412,12/04/2021,FY2021,FY2021 Q4,2021 Apr,"2021 Apr, 12",202104
20210413,13/04/2021,FY2021,FY2021 Q4,2021 Apr,"2021 Apr, 13",202104
20210414,14/04/2021,FY2021,FY2021 Q4,2021 Apr,"2021 Apr, 14",202104
20210415,15/04/2021,FY2021,FY2021 Q4,2021 Apr,"2021 Apr, 15",202104
20210416,16/04/2021,FY2021,FY2021 Q4,2021 Apr,"2021 Apr, 16",202104
20210417,17/04/2021,FY2021,FY2021 Q4,2021 Apr,"2021 Apr, 17",202104
20210418,18/04/2021,FY2021,FY2021 Q4,2021 Apr,"2021 Apr, 18",202104
20210419,19/04/2021,FY2021,FY2021 Q4,2021 Apr,"2021 Apr, 19",202104
20210420,20/04/2021,FY2021,FY2021 Q4,2021 Apr,"2021 Apr, 20",202104
20210421,21/04/2021,FY2021,FY2021 Q4,2021 Apr,"2021 Apr, 21",202104
20210422,22/04/2021,FY2021,FY2021 Q4,2021 Apr,"2021 Apr, 22",202104
20210423,23/04/2021,FY2021,FY2021 Q4,2021 Apr,"2021 Apr, 23",202104
20210424,24/04/2021,FY2021,FY2021 Q4,2021 Apr,"2021 Apr, 24",202104
20210425,25/04/2021,FY2021,FY2021 Q4,2021 Apr,"2021 Apr, 25",202104
20210426,26/04/2021,FY2021,FY2021 Q4,2021 Apr,"2021 Apr, 26",202104
20210427,27/04/2021,FY2021,FY2021 Q4,2021 Apr,"2021 Apr, 27",202104
20210428,28/04/2021,FY2021,FY2021 Q4,2021 Apr,"2021 Apr, 28",202104
20210429,29/04/2021,FY2021,FY2021 Q4,2021 Apr,"2021 Apr, 29",202104
20210430,30/04/2021,FY2021,FY2021 Q4,2021 Apr,"2021 Apr, 30",202104
20210501,01/05/2021,FY2021,FY2021 Q4,2021 May,"2021 May, 01",202105
20210502,02/05/2021,FY2021,FY2021 Q4,2021 May,"2021 May, 02",202105
20210503,03/05/2021,FY2021,FY2021 Q4,2021 May,"2021 May, 03",202105
20210504,04/05/2021,FY2021,FY2021 Q4,2021 May,"2021 May, 04",202105
20210505,05/05/2021,FY2021,FY2021 Q4,2021 May,"2021 May, 05",202105
20210506,06/05/2021,FY2021,FY2021 Q4,2021 May,"2021 May, 06",202105
20210507,07/05/2021,FY2021,FY2021 Q4,2021 May,"2021 May, 07",202105
20210508,08/05/2021,FY2021,FY2021 Q4,2021 May,"2021 May, 08",202105
20210509,09/05/2021,FY2021,FY2021 Q4,2021 May,"2021 May, 09",202105
20210510,10/05/2021,FY2021,FY2021 Q4,2021 May,"2021 May, 10",202105
20210511,11/05/2021,FY2021,FY2021 Q4,2021 May,"2021 May, 11",202105
20210512,12/05/2021,FY2021,FY2021 Q4,2021 May,"2021 May, 12",202105
20210513,13/05/2021,FY2021,FY2021 Q4,2021 May,"2021 May, 13",202105
20210514,14/05/2021,FY2021,FY2021 Q4,2021 May,"2021 May, 14",202105
20210515,15/05/2021,FY2021,FY2021 Q4,2021 May,"2021 May, 15",202105
20210516,16/05/2021,FY2021,FY2021 Q4,2021 May,"2021 May, 16",202105
20210517,17/05/2021,FY2021,FY2021 Q4,2021 May,"2021 May, 17",202105
20210518,18/05/2021,FY2021,FY2021 Q4,2021 May,"2021 May, 18",202105
20210519,19/05/2021,FY2021,FY2021 Q4,2021 May,"2021 May, 19",202105
20210520,20/05/2021,FY2021,FY2021 Q4,2021 May,"2021 May, 20",202105
20210521,21/05/2021,FY2021,FY2021 Q4,2021 May,"2021 May, 21",202105
20210522,22/05/2021,FY2021,FY2021 Q4,2021 May,"2021 May, 22",202105
20210523,23/05/2021,FY2021,FY2021 Q4,2021 May,"2021 May, 23",202105
20210524,24/05/2021,FY2021,FY2021 Q4,2021 May,"2021 May, 24",202105
20210525,25/05/2021,FY2021,FY2021 Q4,2021 May,"2021 May, 25",202105
20210526,26/05/2021,FY2021,FY2021 Q4,2021 May,"2021 May, 26",202105
20210527,27/05/2021,FY2021,FY2021 Q4,2021 May,"2021 May, 27",202105
20210528,28/05/2021,FY2021,FY2021 Q4,2021 May,"2021 May, 28",202105
20210529,29/05/2021,FY2021,FY2021 Q4,2021 May,"2021 May, 29",202105
20210530,30/05/2021,FY2021,FY2021 Q4,2021 May,"2021 May, 30",202105
20210531,31/05/2021,FY2021,FY2021 Q4,2021 May,"2021 May, 31",202105
20210601,01/06/2021,FY2021,FY2021 Q4,2021 Jun,"2021 Jun, 01",202106
20210602,02/06/2021,FY2021,FY2021 Q4,2021 Jun,"2021 Jun, 02",202106
20210603,03/06/2021,FY2021,FY2021 Q4,2021 Jun,"2021 Jun, 03",202106
20210604,04/06/2021,FY2021,FY2021 Q4,2021 Jun,"2021 Jun, 04",202106
20210605,05/06/2021,FY2021,FY2021 Q4,2021 Jun,"2021 Jun, 05",202106
20210606,06/06/2021,FY2021,FY2021 Q4,2021 Jun,"2021 Jun, 06",202106
20210607,07/06/2021,FY2021,FY2021 Q4,2021 Jun,"2021 Jun, 07",202106
20210608,08/06/2021,FY2021,FY2021 Q4,2021 Jun,"2021 Jun, 08",202106
20210609,09/06/2021,FY2021,FY2021 Q4,2021 Jun,"2021 Jun, 09",202106
20210610,10/06/2021,FY2021,FY2021 Q4,2021 Jun,"2021 Jun, 10",202106
20210611,11/06/2021,FY2021,FY2021 Q4,2021 Jun,"2021 Jun, 11",202106
20210612,12/06/2021,FY2021,FY2021 Q4,2021 Jun,"2021 Jun, 12",202106
20210613,13/06/2021,FY2021,FY2021 Q4,2021 Jun,"2021 Jun, 13",202106
20210614,14/06/2021,FY2021,FY2021 Q4,2021 Jun,"2021 Jun, 14",202106
20210615,15/06/2021,FY2021,FY2021 Q4,2021 Jun,"2021 Jun, 15",202106
20210616,16/06/2021,FY2021,FY2021 Q4,2021 Jun,"2021 Jun, 16",202106
20210617,17/06/2021,FY2021,FY2021 Q4,2021 Jun,"2021 Jun, 17",202106
20210618,18/06/2021,FY2021,FY2021 Q4,2021 Jun,"2021 Jun, 18",202106
20210619,19/06/2021,FY2021,FY2021 Q4,2021 Jun,"2021 Jun, 19",202106
20210620,20/06/2021,FY2021,FY2021 Q4,2021 Jun,"2021 Jun, 20",202106
20210621,21/06/2021,FY2021,FY2021 Q4,2021 Jun,"2021 Jun, 21",202106
20210622,22/06/2021,FY2021,FY2021 Q4,2021 Jun,"2021 Jun, 22",202106
20210623,23/06/2021,FY2021,FY2021 Q4,2021 Jun,"2021 Jun, 23",202106
20210624,24/06/2021,FY2021,FY2021 Q4,2021 Jun,"2021 Jun, 24",202106
20210625,25/06/2021,FY2021,FY2021 Q4,2021 Jun,"2021 Jun, 25",202106
20210626,26/06/2021,FY2021,FY2021 Q4,2021 Jun,"2021 Jun, 26",202106
20210627,27/06/2021,FY2021,FY2021 Q4,2021 Jun,"2021 Jun, 27",202106
20210628,28/06/2021,FY2021,FY2021 Q4,2021 Jun,"2021 Jun, 28",202106
20210629,29/06/2021,FY2021,FY2021 Q4,2021 Jun,"2021 Jun, 29",202106
20210630,30/06/2021,FY2021,FY2021 Q4,2021 Jun,"2021 Jun, 30",202106
